node_name,symbol,697,A101D,A3-KAW,ARH-77,ASPC-1,BALL-1,BB49-HNC,BE2-M17,BT-474,CA46,CAL-51,DBTRG-05MG,DG-75,DMS-53,EC-GI-10,ESO51,NCI-H2591,HSC-3,HUO-3N1,IGR-1,IM-95,SIMA,HEY,A375,A549,C32,MFM-223,MHH-ES-1,PC-14,SW620,SNU-C2B,U-2-OS,HCT-15,HT-29,786-0,ALL-PO,ASH-3,ATN-1,BICR10,CAL-27,CAS-1,CHSA8926,CTV-1,EJM,ES-2,FADU,GOTO,H9,HELA,HUH-1,J82,KMS-12-BM,MDST8,NCI-H720,SNU-407,JIYOYEP-2003,42-MG-BA,BT-20,COLO-792,HCC1419,HCC1428,HCC1937,HCC2998,HUP-T3,IGROV-1,KLE,KY821,KYSE-150,MCF7,SNU-C5,G-401,HT-1080,SAT,COLO-205,BPH-1,CHP-212,COR-L23,ES4,HCC1954,HOP-92,LC-1-SQ,LS-411N,NBTU1-10,NCI-H1341,NCI-H747,P12-ICHIKAWA,A172,CADO-ES1,COLO-678,DAOY,DAUDI,EBC-1,EM-2,EVSA-T,G-402,HGC-27,IMR-5,JHH-1,JHH-6,KE-37,KMRC-20,KYSE-140,23132-87,8-MG-BA,A498,AGS,AU565,CAL-120,DEL,DETROIT562,DIFI,EFM-192A,GP5D,NCI-H513,JURKAT,LN-18,NCI-H2052,B-CPAP,CAL-29,CESS,GDM-1,NCI-H2373,HPAC,HT-3,JSC-1,JURL-MK1,KM12,LB996-RCC,LN-229,MOLT-16,NCI-H1623,SNU-5,SISO,SUP-M2,SW780,TUR,VA-ES-BJ,WM278,WM793B,8505C,A253,C-4-I,GB-1,HC-1,HCC1806,HS-746T,HT-144,HUO9,KCL-22,KYSE-180,NCI-H1838,SNU-175,NCI-H1155,NCI-H1944,SJRH30,RAJI,5637,BFTC-909,CAL-78,DU-4475,ESO26,NCI-H2722,HCC2157,HT55,JJN-3,KP-1N,LNCAP-CLONE-FGC,MDA-MB-361,MES-SA,MHH-PREB-1,NCI-H1693,NCI-H1975,NEC8,COLO-824,EW-1,EW-16,KOPN-8,KYSE-50,LB771-HNC,LXF-289,NCI-H1781,OACP4C,OS-RC-2,OVCAR-4,OVTOKO,PC-3,PWR-1E,RPMI-8226,HT-1197,HCC1187,647-V,C3A,DAN-G,EW-18,GI-ME-N,HEC-1,JIMT-1,KG-1,KMOE-2,KYSE-410,LOU-NH91,MS751,NCI-H1048,NCI-H23,SNU-1,NUGC-4,TCCSUP,TOV-112D,DMS-273,NCI-H1793,OCI-M1,OE21,P30-OHK,P32-ISH,RCC10RGB,RS4-11,SIHA,SK-N-DZ,SU-DHL-8,SUIT-2,SW756,T47D,TK,TT2609-C02,U-118-MG,UMC-11,WM35,G-361,HCC1143,HUP-T4,MOLP-8,NCI-H1092,NCI-H2141,NCI-H596,NH-12,NOS-1,RH-1,SK-MES-1,SU-DHL-10,TC-71,GA-10,KU-19-19,MHH-CALL-2,MOLT-13,KM-H2,AM-38,HL-60,639-V,A2058,AN3-CA,CAL-33,CALU-6,CFPAC-1,COLO-829,EMC-BAC-2,EPLC-272H,NCI-H2369,HCC-15,JVM-2,KYSE-520,L-428,LCLC-97TM1,M14,MEL-JUSO,NCI-H1568,OACM5-1,OAW-42,BHT-101,BV-173,COR-L311,ETK-1,GCT,HTC-C3,JHH-4,KP-2,NUGC-3,OVCAR-3,PA-TU-8988T,SK-GT-2,A204,KARPAS-231,MM1S,NCI-H1915,NCI-H322M,NCI-H446,OAW-28,OSC-20,PL4,RERF-GC-1B,RL95-2,RPMI-7951,SCC-3,SK-MG-1,SNU-398,TE-1,A704,HSC-4,NCI-H1650,NCI-H2228,OVCA420,RC-K8,RERF-LC-KJ,RERF-LC-SQ1,SBC-5,SCC-15,SCC90,SF268,SK-ES-1,SKN-3,SUP-B15,SUP-HD1,TE-4,TE-6,TOV-21G,GRANTA-519,PA-TU-8902,OE19,OVCAR-8,U251,DK-MG,HCC-827,LU-135,MFE-296,MFE-319,MOLM-13,NCI-H2405,NCI-H650,OVISE,PF-382,UACC-257,RH-41,HUH-7,LN-405,NCI-H1876,NCI-H209,OCI-AML5,PA-1,RD,RPMI-8866,SU8686,SW1573,SW626,TGBC24TKB,U-87-MG,HOP-62,C2BBE1,CHP-134,CL-11,HDQ-P1,KARPAS-45,LU-99A,NCI-H1573,NCI-H1688,NCI-H196,NCI-H2122,NCI-H2170,NCI-H661,NCI-H716,PFSK-1,SU-DHL-5,NB1,NCI-H1563,NCI-H2347,TYK-NU,OV-56,PANC-08-13,RT4,ALL-SIL,HS-445,HCC1500,ES7,DMS-114,HARA,SW837,CAOV-4,CALU-3,NCI-H1648,SCC-9,RPMI-6666,HH,JVM-3,KARPAS-620,A2780,DU-145,C-33-A,HDLM-2,K-562,NOMO-1,OPM-2,KELLY,NCI-H2818,KARPAS-1106P,A4-FUK,MN-60,OCUM-1,BE-13,CPC-N,SK-MM-2,LK-2,NB7,RO82-W-1,KINGS-1,L-1236,DB,HCC-78,IA-LM,KMRC-1,NCI-H526,PEO1,SAOS-2,T84,BICR78,CAPAN-1,CGTH-W-1,COLO-320-HSR,COLO-679,LOUCY,LU-165,ME-1,ME-180,MO-T,NCI-H522,NCI-H69,NCI-H847,NCI-H929,REH,SK-CO-1,SU-DHL-6,WM-115,EFO-21,22RV1,COLO-680N,DOTC2-4510,EN,EW-7,NCI-H2595,HCC38,HO-1-N-1,JHH-2,KP-4,L-540,SK-MEL-1,M059J,MPP-89,NCI-H1703,NCI-H1755,NCI-H1993,NCI-H2085,NCI-H810,NY,RKN,SK-MEL-24,SW1116,BC-1,TGBC11TKB,SN12C,LS-1034,MKN28,MLMA,MONO-MAC-6,MRK-NU-1,SW1783,U-266,WM1552C,BXPC-3,G-292-CLONE-A141B1,GI-1,NCI-H2795,KURAMOCHI,MDA-MB-157,MOG-G-CCM,NB12,PANC-03-27,SK-N-SH,CAL-72,CAMA-1,LU-139,MEWO,NAMALWA,NCI-H441,NCI-H727,OCI-AML3,PANC-04-03,RAMOS-2G6-4C10,RPMI-8402,SW1417,SW872,YAPC,ES1,ESS-1,HMV-II,JHU-022,NCI-H1869,NCI-H3122,NTERA-2-CL-D1,SK-LMS-1,SW684,TT,8305C,CA-SKI,COR-L88,GR-ST,IST-MES1,K5,KARPAS-422,ML-2,NCI-H82,EW-3,EFM-19,NCI-H3118,HCC70,HS-633T,KGN,KYSE-270,L-363,TE-5,TE-9,CML-T1,CS1,HCC-44,HOS,LC4-1,NCI-H1666,NCI-H2087,ONS-76,SF539,SNG-M,SW1710,LU-65,CCK-81,DOK,ES8,NCI-H2461,HAL-01,HO-1-U-1,HUCCT1,KYSE-220,LB831-BLC,NCI-H1651,NCI-H211,OC-314,TGBC1TKB,CAL-85-1,GAK,IHH-4,MDA-MB-436,MDA-MB-468,BT-483,H4,KYM-1,OE33,RKO,RT-112,TC-YIK,D-263MG,KYSE-70,SH-4,D-392MG,H-EMC-SS,KALS-1,KP-3,KS-1,LCLC-103H,NB10,NCI-H2452,PC-3JPC-3,SKG-IIIA,MSTO-211H,CHL-1,GAMG,HCC1395,HS-578-T,MFE-280,MFH-INO,OCUB-M,SK-N-AS,SUP-T1,CAR-1,COLO-684,DSH1,EB-3,OVCAR-5,PSN1,SNU-387,ZR-75-30,A673,BECKER,BFTC-905,BT-549,CA9-22,CAL-54,EW-11,GCIY,KNS-62,NCI-H1299,769-P,ACHN,BICR22,BL-41,CAL-39,COR-L105,DND-41,EOL-1-CELL,FLO-1,HLE,KATOIII,LAMA-84,MDA-MB-231,KYAE-1,NCI-H1581,YT,NCI-H2066,P31-FUJ,SBC-3,SNU-449,KYSE-450,NCI-H2731,SK-GT-4,T-T,SNU-C1,CW-2,D-283MED,HCT-116,HPAF-II,HSC-2,IGR-37,MIA-PACA-2,HT-1376,LNZTA3WT4,LS-180,NB69,NCI-H1792,NCI-H2342,NCI-H520,NCI-H841,OVKATE,SK-N-FI,SW982,PCI-30,SAS,SCC-4,SKN,CAL-62,CAPAN-2,CCRF-CEM,COR-L279,COR-L95,ECC10,IM-9,JHH-7,MKN1,MKN45,MOG-G-UVW,OVMIU,PANC-10-05,RCM-1,SHP-77,ST486,SW1271,UM-UC-3,WSU-NHL,HSC-39,KARPAS-299,NCI-H1355,OV-90,PANC-02-03,RF-48,SK-LU-1,SK-MEL-2,TE-15,TGW,UACC-62,VCAP,VMRC-RCZ,OCI-AML2,DOV13,EB2,EW-24,KU812,LOVO,MDA-MB-415,MG-63,MS-1,NB14,NCI-H28,RCC-JW,SJSA-1,SK-HEP-1,VAL,ES6,WSU-DLCL2,COLO-668,EW-22,LOXIMVI,LS-123,LS-513,NCI-H64,SK-PN-DW,SK-UT-1,SLVL,SW948,T98G,VMRC-LCD,YH-13,IST-MEL1,MDA-MB-453,NCI-H2009,NCI-H358,SW1088,SW13,UACC-812,MEG-01,CAL-148,FU97,NCI-H1435,NCI-H2023,NKM-1,SK-OV-3,SW1990,HS-766T,NCI-H524,NCI-H835,RMG-I,SNU-423,U-698-M,TK10,MOLT-4,FU-OV-1,NCI-H226,AMO-1,NCI-N87,NALM-6,SW1463,MDA-MB-175-VII,NCCIT,SR,WIL2-NS,RH-18,EW-13,NCI-H1963,SNU-61,FTC-133,NCI-H1694,SW48,TE-8,KP-N-YN,MV-4-11,NB13,SNU-16,EKVX,NMC-G1,TE-10,CTB-1,RVH-421,CAOV-3
AKT1,['AKT1'],,,,,,,,,,,,,,,,,,,,,,,,,,,,,,,,,,,,,,,,,,,,,,,,,,,,,,,,,,,,,,,,,,,,,,,,,,,,,,,,,,,,,,,,,,,,,,,,,,,,,,,,,,,,,,,,,,,,,,,,,,,,,,,,,,,,,,,,,,,,,,,,,,,,1.0,,,,,,,,,,,,,,,,,,,,,,,,,,,,,,,,,,,,,,,,,,,,,,,,,,,,,,,,,,,,,,,,,,,,,,,,,,,,,,,,,1.0,,,,,,,,,,,,,1.0,,,,,,,,,,,,,,,,1.0,,,,,,,,,,,,,,,,,,,,,,,,,,,,,,,,,,,,,,,,,,,,,,,,,1.0,,,,,,1.0,,,,,,,,,,,1.0,,,,,,,,,,,,,,,,,,,,,,,,,,,,,,,,,,,,,,,,,,,,,,,,,,,,,,,,,,,,,,,,,,,,,,,,,,,,,,,,,,,,,,,,,,,,,,,,,,,,,,,,,,,,,,,,,,,,,,0.0,,,,,,,,,,,,,,,,,,,,,,,,,,,,,,,,,,,,,,,,,,,,,,,,,,,,,,,,,,1.0,,,,,,,,,,,,,,,,,1.0,,,,,,,,,,,,,,,,,,,,,,,,,,,1.0,1.0,,,,,,,,,,,,,,,,,,,,,,,,,,,,,,,,,,,,,,,,,,,,,,,,,,,,,,,,,,,,,,,,,1.0,,,,,,,,,,,,,,,,,,,,,,,,,,,,,,,1.0,,,,,,,,,,,,,,,,,,,,,,,,,,,,,,,,,,,,,,,,,,,,,,,,,,,,,,,,,,,,,,,,,,,,,1.0,,,,,,,,,,,1.0,,,,,,,,,,,,,,,,,,,,,,1.0,,,,,,,,,1.0,,,
APAF1,['APAF1'],,,,,,,,,,,,,,,,,,,,,,,,,,,,,,,,,,,,,,,,,,,,0.0,,,,,,,,,,,,,,,,,,,,,,,,,,,,,,,,,,,,,,,,,,,,,,,,,,,,,,,,,,,,,,,,,,,,,,,,,,,,,,,,,,,,,,,,,,,,,,,,,,,,,,,,,,,,,,,,,,,,,,,,,,,,1.0,,,,,,,,,,,,,,,,,,,,,,,,,,,,,,,,,,,,,,,,,,,,,,,,,,,,,,,,,,,,,,,,,,,,,,,,,,,,,,,,,,,,,,,,,,,,,,,,,,,,,,,,,,,,,,,,,,,,,,,,,,,,,,,,,,,,,,,,,,,,,,,,,,,,,,,,,,,,,,,,,,,,,,,,,,,,,,,,,,,,,,,,,,,,,,,,,,,,,,,,,,,,,,,,,,,,,,,,,,,,,,,,,,,,,,,,,,,,,,,,,,,,,,,,,,,,,,,,,,,,,,,,,,,,,,,,,,,,,,,,,,,,,,,,,,,,,,,,,,,,,,,,,,,,,,,,,,,,,,,,,,,,,,,,,,,,,,,,,,,,,,,,,,,,,,,,,,,,,,,,,,,,,,,,,,,,,,,,,,,,,,,,,,,,,,,,,,,,,,,,,,,,,,,,,,,,,,,,,,,,,,,,,,,,,,,,,,,,,,,,,,,,,,,,,,,,,,,,,,,,,,,,,,,,,,,,,,,,,,,,,,,,,,,,,,,,,,,,,,,,,,,,,,,,,,,,,,,,,,,,,,,,,,,,,,,,,,,,,,,,,,,,,,,,,,,,,,,,,,,,,,,,,,,,,,,,,,,,,,,,,,,,,,,
APC,['APC'],,,,,,,0.0,,,,,,,,,,,,,,,,,,,,,,,0.0,,,0.0,0.0,,,,,,,,,,,,,,,,,,,0.0,,,,,,,,,,0.0,,,,,,,0.0,,,,0.0,,,,,,,,0.0,,,0.0,,,,0.0,,,,,,,0.0,,,,,,,,,,,,,,,0.0,,0.0,,0.0,,,,,,,,,,,,0.0,,,,,,,,,,,,,,,,,,,,,,,,,0.0,0.0,,,,,,,0.0,,,,0.0,,,,,,,,,,,,,,,,,,,,,,,,,,,,,,,,,,,,,,,,,,,,,,,,,,,,,,,,,,,,,,,,,,,,,,,,,,,,,,,,,,,,,,,,,,,,,,,,,,,,,,,,,,,,,,,,,,,,,,,,,,,,,,,,,,,,,,,,,,,,,,,,,,,,,,,,,,,,,,,,0.0,,,,,,,,,,,,,,,,,,0.0,0.0,,,0.0,,0.0,,,,,,,,,,,,,,,,,,,,,,,,,,0.0,,,,,,,,,,,,,,,,,,,,,,,,,0.0,,,,,,,,,,,,0.0,,,,0.0,,,,,,,,,,,,0.0,,,,,,,,,,,,,,,,,,,,,,,,,,0.0,,0.0,,0.0,0.0,,,,,,,,,,,,,,,,,,,,,,,,,0.0,,,0.0,1.0,,,,,,,,,,,,,,,,,,,,,,,,,,,,,,,,,,,,,,,,,,,,,,,,,,,,,,,,,,,,,,,,,,,,,,,,,,,,,,,,,,,,,,,,,,,,,,,,,,,,,,,,,,,,,,,,,,,,,,,,,,,0.0,,,,,,,,,,,0.0,,,,,,,,,,,,,,,,,,,,,,,,,,,0.0,,,,,,,,0.0,,,,,,,,,,,,,,,,,,,,,,,,0.0,,,,,,,,,,,,,,,0.0,,,,0.0,,0.0,,,,,,,,,,,,,,,,,0.0,,,,,,,,,,,,,,,0.0,,,,,,,,0.0,,,,,,,,,,,,,,
AXIN1,['AXIN1'],,,,,,,,,,,,,,,,,,,,,0.0,,,,,,1.0,,,,,,,,,,,,,,,,,,,,,,,0.0,,,,,,,,,,,,,,,,,,,,,,,1.0,,,,,,,,,,,,,,,,,,,,,,,,,,0.0,,,,0.0,,,,,,,,,,,,,,,,,,,,,,,,0.0,,0.0,,,,,,,,,,,,,,,,,,,,,,,0.0,,,,,,,,,,,,,,,,,,,,,,,,,,,,,,,,,,,,,,,,,,,,,,,,,,,,,,,,,,,,,,,,,,,,,,,,,,,,,,,,,,,,,,,,,,,,,,,,,,,,,,,,,,,,,,,,,,,,,,,,,,,,,,,,,,,,,,,,,,,,,,,,,,,,,,,,,,,,,,,,,,,,,,,,,,,,,,,,,,,,,,,,,,,,,,,,,,,,,,,,,,,,,,,,,,,,,,,,,,,,,,,,,,,,,,,,,,,,,,,,,,,,,,,,,,,,,,,,,,,,,,,,,,,,,,,,,,,,,,,,,,,,,,,,,,,,,,,,,,,,,,,,,,,,,,,,,,,,,,,,,,,,,,,,,,,,,,,,,,,,,,,,,,,,,,0.0,,,,,,,,,,,,,,,,,,,,,,,,,,,,,,,,,,,,,,,,,,,,,,,,,,,,,,,,,,,,,,,,,,,,,,,,,,,,,,,,,,,,,,,,,,,,,,,,,,,,,,,,,,,,,,,,,0.0,,,,,,0.0,,,,,,,,,,,,,,,,,,,,,,,,0.0,,,,,,,0.0,,,,,,,,,,,,,,,,,,,,,,,,,,,,,,,,,,,,,,,,,,,,,,,,,,,,,,,,,,,,,,,,,,,,,,,,0.0,,,,,,,,,,,,,,,,,,,,,,,,,,,,,,,
Apoptosis,['Apoptosis'],,,,,,,,,,,,,,,,,,,,,,,,,,,,,,,,,,,,,,,,,,,,,,,,,,,,,,,,,,,,,,,,,,,,,,,,,,,,,,,,,,,,,,,,,,,,,,,,,,,,,,,,,,,,,,,,,,,,,,,,,,,,,,,,,,,,,,,,,,,,,,,,,,,,,,,,,,,,,,,,,,,,,,,,,,,,,,,,,,,,,,,,,,,,,,,,,,,,,,,,,,,,,,,,,,,,,,,,,,,,,,,,,,,,,,,,,,,,,,,,,,,,,,,,,,,,,,,,,,,,,,,,,,,,,,,,,,,,,,,,,,,,,,,,,,,,,,,,,,,,,,,,,,,,,,,,,,,,,,,,,,,,,,,,,,,,,,,,,,,,,,,,,,,,,,,,,,,,,,,,,,,,,,,,,,,,,,,,,,,,,,,,,,,,,,,,,,,,,,,,,,,,,,,,,,,,,,,,,,,,,,,,,,,,,,,,,,,,,,,,,,,,,,,,,,,,,,,,,,,,,,,,,,,,,,,,,,,,,,,,,,,,,,,,,,,,,,,,,,,,,,,,,,,,,,,,,,,,,,,,,,,,,,,,,,,,,,,,,,,,,,,,,,,,,,,,,,,,,,,,,,,,,,,,,,,,,,,,,,,,,,,,,,,,,,,,,,,,,,,,,,,,,,,,,,,,,,,,,,,,,,,,,,,,,,,,,,,,,,,,,,,,,,,,,,,,,,,,,,,,,,,,,,,,,,,,,,,,,,,,,,,,,,,,,,,,,,,,,,,,,,,,,,,,,,,,,,,,,,,,,,,,,,,,,,,,,,,,,,,,,,,,,,,,,,,,,,,
BAD,['BAD'],,,,,,,,,1.0,,,,,,,,,1.0,,,,,,,,,,,,,,,,,,,,,,1.0,,,,,,,,,,,,,,,,,,,,1.0,,,,,,,,,,,,,,,,,,,,,,,,,,,,,,,,,,,,,,,,,,,,,,,,,,,,,,,,,,,,,,,,,,,,,,,,,,,,,,,,,,,,,,,,,,,,,,,,,,,,,,,,,,,,,,,,,,,,,,,,,,,,,,,,,,,,,,,,,,,,,,,,,,,,,,,,,,,,,,,,,,,,,,,,,,,,,,,,,,,,,,,,,,,,,,,,,,,,,,,,,,,,,,,,,,,,,,,,,,,,,,,,,,,,,,,,,,,,,,,,,,,,,,,,,,,,,,,,,,,,,,,,,,,,,,,,,,,,,,,,,,,,,,,,,,,,,,,,,,,,,,,,,,,,,,,,,,,,,,,,,,,,,,,,,,,,,,,,,,,,,,,,,,,,,,,,,,,,,,,,,,,,,,,,,,,,,,,,,,,,,,,,,,,,,,1.0,,,,,,,,,,,,,,,,,,,,,,,,,,,,,,,,,,,,,,,,,,,,,,,,1.0,,,,,,,,,,,,,,,,,,1.0,,,,,,,,,,,,,,,,,,,,,,,,,,,,,,,,,,,,,,,,,,,,,,,,,,,,,,,1.0,,,,,,,,,,,,,,,,,,,,,,,,,,,,,1.0,,,,,,,,,,,,,,,,,,,,,,,,,,,,,,,,,,,,,,,,,,,,,,,,,,,,,,,,,,,,,,,,,,,,,,,,,1.0,,,,,,,,,,,,,,,,,,,,,,,,,,,,,,,,,,,,,,,,,,,,,,,,,,,,,,,,,,,,,,,,,,,,,,,,,,,,,,,,,,
BAK,['BAK'],,,,,,,,,,,,,,,,,,,,,,,,,,,,,,,,,,,,,,,,,,,,,,,,,,,,,,,,,,,,,,,,,,,,,,,,,,,,,,,,,,,,,,,,,,,,,,,,,,,,,,,,,,,,,,,,,,,,,,,,,,,,,,,,,,,,,,,,,,,,,,,,,,,,,,,,,,,,,,,,,,,,,,,,,,,,,,,,,,,,,,,,,,,,,,,,,,,,,,,,,,,,,,,,,,,,,,,,,,,,,,,,,,,,,,,,,,,,,,,,,,,,,,,,,,,,,,,,,,,,,,,,,,,,,,,,,,,,,,,,,,,,,,,,,,,,,,,,,,,,,,,,,,,,,,,,,,,,,,,,,,,,,,,,,,,,,,,,,,,,,,,,,,,,,,,,,,,,,,,,,,,,,,,,,,,,,,,,,,,,,,,,,,,,,,,,,,,,,,,,,,,,,,,,,,,,,,,,,,,,,,,,,,,,,,,,,,,,,,,,,,,,,,,,,,,,,,,,,,,,,,,,,,,,,,,,,,,,,,,,,,,,,,,,,,,,,,,,,,,,,,,,,,,,,,,,,,,,,,,,,,,,,,,,,,,,,,,,,,,,,,,,,,,,,,,,,,,,,,,,,,,,,,,,,,,,,,,,,,,,,,,,,,,,,,,,,,,,,,,,,,,,,,,,,,,,,,,,,,,,,,,,,,,,,,,,,,,,,,,,,,,,,,,,,,,,,,,,,,,,,,,,,,,,,,,,,,,,,,,,,,,,,,,,,,,,,,,,,,,,,,,,,,,,,,,,,,,,,,,,,,,,,,,,,,,,,,,,,,,,,,,,,,,,,,,,,,,
BAX,['BAX'],,,,,,,,,,0.0,,,0.0,,,,,,,,0.0,,,,,,,,,,,,,,,,,,,,,,0.0,,,,,,,,,,,,0.0,,,,,,,,,,0.0,,,,,0.0,,,,,,,,,,,,0.0,,,,,,,,,,,,,,,,,,,,,,,,1.0,,,,,,,0.0,,0.0,,,,,,,,,,,,0.0,,,0.0,1.0,,,,1.0,,,,,,,,,,,,,,,,,,,1.0,,,,,,,,,,,,,0.0,,,0.0,,,,,,,,,,,,,1.0,,,,,,,,,,,,,,,,,,,,0.0,,,,,,,,,,0.0,,,,,,,,,,,,,,,,,,,,,,,,,,,,,,,0.0,,,,,,0.0,,,,,,,,,,,,,,,,,,,,,,,,,,,,,,,,,,,,,,,,0.0,,,,0.0,,,,,,,,,,,,,,,,,,,,,,,,,,,,,0.0,,,,,,,,,,,,,,,,,,,,,,,,,,,0.0,,,,,,,,,,,,,,,,,,,,,,,,,,,,,,,,,,0.0,0.0,,,,,,,,,0.0,,,,,,,,,,,,,,,,,,,,,,,,,,,,,,,,,,,,,0.0,,,,,,,,,,,,,,,,,,,,,,,,,,,,,,,,,,,,,,,,,,,,,,,,,,,0.0,,,,,,,,,,,,,,,,,,,,0.0,,,,,,,,,,,,,,,,0.0,,,,,,,,,,,,0.0,,,,,,,,,,,,,,,,,,,,,,,,,,,,,,,,,,,,,,,,,,,,1.0,,,0.0,,0.0,,,,,,,,,,,,,,1.0,,,,,,,,,,,,,,,,,,,,0.0,,,,,,,,0.0,,0.0,,,,,,,0.0,,,,,,,,,,,,,,,,,,,,,,,,,,,,,,,0.0,,,,1.0,,,,,,,,,,,,,,,0.0,,,,,,,,,,,,,,,,,,,0.0,,,,,,,,,,,,,,,,,,,,,,,,,,,,0.0,,,,,0.0,,,,,,,,,,,,,,,,,,,,,0.0,,
BCL2,['BCL2'],,,,,,1.0,,,,,,,,1.0,,,,,,,,,,,,,,,,,,,,,,,,,,,,,,,,,,,,,,,,,,,,,,,,,,,,,,,,,,,,,,,,,,,,,,,,,,,,,,,,,,,,,,,,,,,,,,,,,,,,,,,,,,,,,,,,,,,,,,,,,,,,,,,,,,,,,,,,,,,,,,,,,,,,,,,,,,,,,,,,1.0,,,,,,,,,,,,,,,,,,,,,,,,,,,,,,,,,,,,,,,,,,,,,,,,,,,,,,,,,,,,,,,,,,,,,1.0,,,,,,,,,,,,,,,,,,,,,,,,,,,,,,,,0.0,,,,,,,,,,,,,,,,,,,,,,,,,,,,,,,,,,,,1.0,,,,1.0,,,,,,,,,,,,,,,,,,,,,,,,,,,,,,,,,,,,,,,,,,,,,,,,,,,,,,,1.0,,,,,,,,,,,,,,,,,,,,,,,,,,,,1.0,,,,,,,,,,,,,,,,,,,,,,,,,1.0,,,,,,,,,,,,,,,,,,,,,,,,,,,,,,,,,,,,1.0,,,,,,,,,,,,,,,,,,,,,,,,,,,,,,,,,,,,,,,,,,,,,,1.0,,,,,,,,,,,,,,,,,,,,,,,,,,,,,,,,,,,1.0,,,,,,,,,,,,,,,,,,,,,,,,,,,,,,,,,,,,,,,,,,,,,,,,,,,,,,,,,,,,,,,,,,,,,,,,,,,,,,,,,,,,,,,,,,,,,,,,,,,,,,,,,,,1.0,,,,,,,,,,,,,,,,,,,,,,,,,,,,,,,,,,,,,,,,,,1.0,,,,,,,,,,,,,,,,,,,,,,,,,,,,,,,,,,,,,,,,,,,,,,,,,,,1.0,,,,,,,,,,,,,,,
BCL2L1,['BCL2L1'],,,,,,,,,,,,,,,,,,,,,,,,,,,,,,,,,,,,,1.0,,,,,,,,,,,1.0,,1.0,1.0,,,,,,,,,,,,,,,,,,,,,,1.0,,1.0,,,,,,,,,,,,,,,,,,,,,,,,,,,,,,,,,,,,,,,,,,,1.0,1.0,,,,,,,,,,,,,,,,1.0,,,,1.0,,,,,,,,,,,,,,,,,,,,,,,,,1.0,,1.0,,,,,,,,,1.0,,,,,,,,1.0,,,,,,,,,,,,,,1.0,,,1.0,,,,,,,,,,1.0,,,,,,,,,1.0,,1.0,,,,,,,,1.0,,,,,,,,,,,,,1.0,,,,,,,,,,1.0,,,,,,1.0,,,,,,,,,,,,,,,,,,,,,,,,,,,,1.0,,,1.0,,,,,,,,1.0,1.0,1.0,,,,,,,,,,,,,,,,,,,,,,,1.0,,,,,,,,,,,,,,,,,,,,,,,,1.0,,,1.0,,,,,,,,,,,,,,,,,,,,,,,,,,,,1.0,,,,,,,,,,,,,,,,,,,,,,,,1.0,,,,,,,,,,,,,,,,,,,,,,,,,,,,,,,1.0,,,,,,,,,,,,,,,,,,,,,,,,,,,,,,,,,,,,,,,,,,,,,,,,,,,1.0,,,1.0,,,,,,1.0,,,,,,,,,,,,,,,,,,,,,,,,,1.0,,,,,,,,1.0,,,,,,,,,,1.0,,,,,,,,1.0,,,,,,,,,,,,,,,,,,,,,,,,,1.0,,,,,,,,,,,,,,,,,,,,,,,,,,,,,,,,,,,,1.0,,,,,1.0,,,,,,,,,,,,,,,,,,,,,,,,,1.0,,,,,,,,,,,,,,,,,,,,,,1.0,,,,,,,,,,,,1.0,,,,,,,,,,,,,,,,,,1.0,,,,1.0,,,,,,,,,,,,,,,1.0,,,,,,,,,,,,,,1.0,1.0,,,,,,,,1.0,,,,,,,,,,1.0,,,,,,,,,,,,,,,,1.0,
BCL2L11,['BCL2L11'],,,,,,,,,,,,,,,,,,,,,,,,,,,,,,,,,,,,,,,,,,,,,,,,,,,,,,,,,,,,,,,,,,,,,,,,,,,,,,,,,,,,,,,,,,,,,,,,,,,,,,,,,,,,,,,,,,,,,,,,,,,,,,,,,,,,,,,,,,,,,,,,,,,,1.0,,,,,,,,,,,,,,,,,,,,,,,,,,,,,,,,,,,,,,,,,,,,,,,,,1.0,,,,,,,,,,,,,,,,,,,,,,,,,,,,,,,,,,,,,,,,1.0,,,,,,,,,,,,,,,,,,,,,,,,,,,,,,,,,,,,,,,,,,,,,,,,,,,,,,,,,,,,,,,,,,,,,,,,,,,,,,,,,1.0,,,,,,,,,,,,,,,,,,,,,,,,,,,,,,,,,,,,,,,,,,,,,,,,,,,,,,,,,,,,,,,,,,,,,,,,,,,,,,,,,,,,,,,,,,,,,,,,,,,,,,,,,,,,,,,,,,,,,,,,,,,,,,,,,,,,,,,,,,,,,,,,,,,,,,,,,,,,,,,,,,,,,,,,,,,,,,,,,,,,,,,,,,,,,,,,,,,,,,,,,,,,,,,,,,,,,,,,,,,,,,,,,,,,,,,,,,,,,,,,,,,,,,,,,,,,,,,,,,,,,,,,,,,,,,,,,,,,,,,,,,,,,,,,,,,,,,,,,,,,,,,,,,,,,,,,,,,,,,,,,,,,,,,,,,,,,,,,,,,,,,,,,,,,,,,,,,,,,,,,,,,,,,,,,,,,,,,,,,,,,,,,,,,,,,,,,,,,,,,,,,,,,,,,,,,,,,,,,,,,,,,,,,,,,,,,,,,,,
BCL2_rna,['BCL2_rna'],,,,,,,,,,,,,,,,,,,,,,,,,,,,,,,,,,,,,,,,,,,,,,,,,,,,,,,,,,,,,,,,,,,,,,,,,,,,,,,,,,,,,,,,,,,,,,,,,,,,,,,,,,,,,,,,,,,,,,,,,,,,,,,,,,,,,,,,,,,,,,,,,,,,,,,,,,,,,,,,,,,,,,,,,,,,,,,,,,,,,,,,,,,,,,,,,,,,,,,,,,,,,,,,,,,,,,,,,,,,,,,,,,,,,,,,,,,,,,,,,,,,,,,,,,,,,,,,,,,,,,,,,,,,,,,,,,,,,,,,,,,,,,,,,,,,,,,,,,,,,,,,,,,,,,,,,,,,,,,,,,,,,,,,,,,,,,,,,,,,,,,,,,,,,,,,,,,,,,,,,,,,,,,,,,,,,,,,,,,,,,,,,,,,,,,,,,,,,,,,,,,,,,,,,,,,,,,,,,,,,,,,,,,,,,,,,,,,,,,,,,,,,,,,,,,,,,,,,,,,,,,,,,,,,,,,,,,,,,,,,,,,,,,,,,,,,,,,,,,,,,,,,,,,,,,,,,,,,,,,,,,,,,,,,,,,,,,,,,,,,,,,,,,,,,,,,,,,,,,,,,,,,,,,,,,,,,,,,,,,,,,,,,,,,,,,,,,,,,,,,,,,,,,,,,,,,,,,,,,,,,,,,,,,,,,,,,,,,,,,,,,,,,,,,,,,,,,,,,,,,,,,,,,,,,,,,,,,,,,,,,,,,,,,,,,,,,,,,,,,,,,,,,,,,,,,,,,,,,,,,,,,,,,,,,,,,,,,,,,,,,,,,,,,,,,,,,,
BID,['BID'],,,,,,,,,,,,,,,,,,1.0,,,,,,,,,,,,,,,,,,,,,,,,,,,,,,,,,,,,,,,,,,,,,,,,,,,,,,,,,,,,,,,,,,,,,,,,,,,,,,,,,,,,,,,,,,,,,,,,,,,,,,,,,,,,,,,,,,,,,,,,,,,,,,,,,,,,,,,,,,,,,,,,,,,,,,,,,1.0,,,,,,,,,,,,,,,,,,,,,,,,,,,,,,,,,,,,,,,,,,,,,,,,,,,,,,,,,,1.0,,,,,,,,,,,,,,,,,,,,,,,,,,,,,,,1.0,,,,,,,,,,,,,,,,,,,,,,,,,,,1.0,,,,,,,,1.0,,,,,,,1.0,,,,,,,,,,,,,,,,,,,,,,,,,,,,,,,,,,,,,,,,,,,,,,,,,,,,,,,,,,,,,,,,,,,,,,,,,,,,,,,,,,,,,,,,,,,,,,,,,,,,,,,,,,,,,,,,,,1.0,,,,,,,,,,,,,,,,,,,,,,,,,,,,,,,,,,,,,,,,,,,,,,,,,,,,,,,,,1.0,,,,,,,,,,,,,,,,,,,,,,,,,,,,,,,,,,,,,,,,,,,,,,,,,,,,,,,,,,,,,,,,,,,,,,,,,,,,,,,,,,,,,,,1.0,,,,,,,,,,,,,,,,,,,,,,,,,,,,,,,,,,,,,,,,,,,,1.0,,,,,,,,,,,,,,,,,,,,,,,,,,,,,,,,,,,,,,,,,,,,,,,,,,,,,,,,,,,,,,,,,,,,,,,,,,,,,,,,,,,,,,,,,,,,,,,,,,,,,,,,,,,,,,,1.0,,,,,,,,,,,,,,,,,,,,,,,,,,,,,,,,,,,,,,,,1.0
BIRC5,['BIRC5'],,,,,,,,,,,,,,,,,,,,,,1.0,,,,,,,,,,,,,,,,,,,,,,,,,,,,,,,,,,,,,,,,,,,,,,,,,,,,,,1.0,,,,,,,,,,,,,,,,,,,,,1.0,,,,,,,,,,,,,,,,,,,,,,,,,,,,,,,,1.0,,,,,,,,1.0,,,,,,,,,,,,,1.0,,,,,,,,,,,,,,,,,,1.0,,,,,,,,,,,,,,,,,,,,,,,,,,,,,,,,,,,,,,,,,,,,,,,,,,,,,,,,,,,,,1.0,,,,,,,,,,,,,,,,,,,,,,,,,,1.0,,,,,,,,,1.0,,,,,,,,,,,,,,,,,,,1.0,,,,,,,,,,,,,,,,,1.0,,,,,,,,,,,,,,,,,,,,,,,,,,,,,,,,,,,,,,,,,,,,,,,,,,,,,,,,,,,,,,,,,,,,,,,,,,,,,,1.0,,,,,,,,,,,,,,,,,,,,,,1.0,,,,,,,,,,1.0,,,,,,,,,,,,,,,,,1.0,,,,,1.0,,,,,,,,,,,,,,,,,,,,,,,,,,,,,,,,,,,,,,1.0,,,,,,,,1.0,,,,,,,,,,,,,,,,1.0,,,,,,,,,,,,,,,1.0,,,,,,,,,,,,,,,,,,,,,,,,,,,,,,,,,,,,,,,,,,,,,,,,,,,,,,,,,,,,,,,,,,,1.0,,,,,,,,,,,,,,,,,,,,,,,,,,,,,1.0,,,,,,,,,,,,,,,,,,,,,,,,,,,,,,,1.0,,,,,,,,,,,,,,,,,,,,,,,,,,,,,,1.0,,,,1.0,,,,,,,,,,,,,,,,,,,,,,,,,,,,,,,,,,,,,,,,,,,,,,,,,,,1.0,,,,,1.0,,,,,,,,,,,,,,,,,,,,,,,,,,,,,
BIRC5_rna,['BIRC5_rna'],,,,,,,,,,,,,,,,,,,,,,,,,,,,,,,,,,,,,,,,,,,,,,,,,,,,,,,,,,,,,,,,,,,,,,,,,,,,,,,,,,,,,,,,,,,,,,,,,,,,,,,,,,,,,,,,,,,,,,,,,,,,,,,,,,,,,,,,,,,,,,,,,,,,,,,,,,,,,,,,,,,,,,,,,,,,,,,,,,,,,,,,,,,,,,,,,,,,,,,,,,,,,,,,,,,,,,,,,,,,,,,,,,,,,,,,,,,,,,,,,,,,,,,,,,,,,,,,,,,,,,,,,,,,,,,,,,,,,,,,,,,,,,,,,,,,,,,,,,,,,,,,,,,,,,,,,,,,,,,,,,,,,,,,,,,,,,,,,,,,,,,,,,,,,,,,,,,,,,,,,,,,,,,,,,,,,,,,,,,,,,,,,,,,,,,,,,,,,,,,,,,,,,,,,,,,,,,,,,,,,,,,,,,,,,,,,,,,,,,,,,,,,,,,,,,,,,,,,,,,,,,,,,,,,,,,,,,,,,,,,,,,,,,,,,,,,,,,,,,,,,,,,,,,,,,,,,,,,,,,,,,,,,,,,,,,,,,,,,,,,,,,,,,,,,,,,,,,,,,,,,,,,,,,,,,,,,,,,,,,,,,,,,,,,,,,,,,,,,,,,,,,,,,,,,,,,,,,,,,,,,,,,,,,,,,,,,,,,,,,,,,,,,,,,,,,,,,,,,,,,,,,,,,,,,,,,,,,,,,,,,,,,,,,,,,,,,,,,,,,,,,,,,,,,,,,,,,,,,,,,,,,,,,,,,,,,,,,,,,,,,,,,,,,,,,,,,,
BRAF,['BRAF'],,1.0,,,,,,,,,,1.0,,,,,,,,1.0,,,1.0,1.0,,1.0,,,,,,,,1.0,,,,,,,,,,1.0,1.0,,,,,,,,1.0,,,,,,,,,,,,,,,,,1.0,,,,1.0,,,,,,,,1.0,,,,,,,,,,,,,,,,,,,,,,,,,,,,,,,,,1.0,,,1.0,,,,,,,,,,,,,,,,,,,,1.0,1.0,1.0,,,,,,,1.0,,,,,,,,,,,,,1.0,,,,1.0,,,,,,,,,,,,,,,,,,,,1.0,,,,,,,,,,,,,,,,,,,,,,,,,,,,,,,,,,,1.0,,,,,,,,1.0,1.0,,,,,,,,,,,,,,,,,,1.0,,,1.0,,,,,1.0,,,,,,,,,1.0,,,,,1.0,,,,1.0,1.0,,,,,,,,1.0,,,,,,,,,,1.0,,,,,,,,,,,,,,,,,,,,,,,,,,,,,,,,,,,,,,,1.0,,,,,,,,,,,,,,,,,,,,,,,,,,,,,,,,,,,,,,,,,1.0,,,,,,,,,,1.0,,,,,,,,,,,,,,,,,,,,,,,,,,,,,,,,,,,1.0,,,,,,,,,,,1.0,,1.0,,,,,,,,,,1.0,,,1.0,,,,1.0,,,,,,1.0,,,,,,,,,,,1.0,1.0,1.0,,,,,,,,,,,,,,,1.0,,,,,,1.0,1.0,,,,1.0,,,,,,,,1.0,,,,,1.0,,,,,,,,,,,,,,,,,,,1.0,1.0,,,,,,,,,,,,,,,,,,,,,1.0,,,,,,,1.0,,,,,1.0,,,,,,,,,,,,,,,,,,,,,,,,,,,,,1.0,,,,,1.0,,,,,,,,1.0,,,,,,,,,1.0,,,,,1.0,,,,,,,,,,,,,1.0,,,,,,,,,,,,1.0,,,,,,,,,,,,,,,,,,,,,,,,,,,1.0,,,,,,,1.0,,,,,,,,,,,,,,1.0,,1.0,,,,,,1.0,,,,,,,,,,,1.0,,,,,,,,,,,,,,,,,,,,,,,,,,,,,,,,,,,,,1.0,,,,,,,,,1.0,,,1.0,
CASP3,['CASP3'],,,,,,,,,,,,,,,,,,,,,,,,,,,,,,,,,,,,,,,,,,,,,,,,,,,,,,,,,,,,,,,,,,,,,,,,,,,,,,,,,,,,,,,,,,,,,,,,,,,,,,,,,,,,,,,,,,,,,,,,,,,,,,,,,,,,,,,,,,,,,,,,,,,,,,,,,,,,,,,,,,,,,,,,,,,,,,,,,,,,,,,,,,,,,,,,,,,,,,,,,,,,,,,,,,,,,,,,,,,,,,,,,,,,,,,,,,,,,,,,,,,,,,,,,,,,,,,,,,,,,,,,,,,,,,,,,,,,,,,,,,,,,,,,,,,,,,,,,,,,,,,,,,,,,,,,,,,,,,,,,,,,,,,,,,,,,,,,,,,,,,,,,,,,,,,,,,,,,,,,,,,,,,,,,,,,,,,,,,,,,,,,,,,,,,,,,,,,,,,,,,,,,,,,,,,,,,,,,,,,,,,,,,,,,,,,,,,,,,,,,,,,,,,,,,,,,,,,,,,,,,,,,,,,,,,,,,,,,,,,,,,,,,,,,,,,,,,,,,,,,,,,,,,,,,,,,,,,,1.0,,,,,,,,,,,,,,,,,,,,,,,,,,,,,,,,,,,,,,,,,,,,,,,,,,,,,,,,,,,,,,,,,,,,,,,,,,,,,,,,,,,,,,,,,,,,,,,,,,,,,,,,,,,,,,,,,,,,,,,,,,,,,,,,,,,,,,,,,,,,,,,,,,,,,,,1.0,,,,,,,,,,,,,,,,,,,,,,,,,,,,,,,,,,,,,,,,,,,,,,,,,,,,,,,,,,,,,,,,,,,,,,,,,,,,,,,,,,,,,,,
CASP9,['CASP9'],,,,,,,,,,,,,,,,,,,,1.0,,,,,,,,,,,,,,,,,,,,,,,,,,,,,,,,,,,,,,,,,,,,,,,,,,,,,,,,,,,,,,,,,,,,,,,,,,,,,,,,,,,,,,,,,,,,,,,,,,,,,,,,,,,,,,,,,,,,,,,,,,,,,,,,,,,,,,,,,,,,,,,,,,,,,,,,,,,,,,,,,,,,,,,,,,,,,,,,,,,,,,,,,,,,,,,,,,,,,,,,,,,,,,,,,,,,,,,,1.0,,,,,,,,,,,,,,,,,,,,,,,,,,,,,,,,,,,,,,,,,1.0,,,,,,,,,,,,,,,,,,,,,,,,,,,,,,,,,,,,,,,,,,,,,,,,,,,,,,,,,,,,,,,,,,,,,,,,,,,,,,,,,,,,,,,,,,,,,,,,,,,,,,,,,,,,,,,,,,,,,,,,,,,,,,,,,,,,,,,,,,,,,1.0,,,,,,1.0,,,,,,,,,,,,,,,,,,,,,,,,,,,,,,,,,,,,,,,,,,,,,,,,,,,,,,,,,1.0,,,,,,,,,,,,,,,,,,,,1.0,,,,,,,,,,,,,,,,,,,,,,,,,,,,,,,,0.0,,,,,,,,,,,,,,,,,,,,,,,,,,,,,,,,,,,,,,,,,,,,,,,,,,,,,,,,,,,,,,,,,,,,,,,,,,,,,,,,,,,,,,,,,,,,,,,,,,,,,,,,,,,,,,,,,,,,,,,,,,,,,,,,,,,,,,,,,,,,,,,,,,,,,,,,,,,,,,,,,,,,,,,,,,,,,,,,,,,,,,,,,,,,,,,,,,,,,,,,,,,,,,,,,,,,,,,,,,,,,,
CCND1,['CCND1'],,,,,,,,,,,,,,,1.0,,,1.0,,,,,,,,,1.0,,,,,,,,,,,,,,,,,,1.0,1.0,,,,,,,,,,,,,,,,,,,,,,,,,,,,,,,,,1.0,,,,,,,,,,,,,,,,,,,,,,,1.0,,,,,,,,1.0,1.0,,,,,,,,1.0,,,,,,,,,,,,,,,,,,,,,,1.0,,,,,1.0,,,,1.0,,,,,,,,,,,,,,,,,,1.0,,,,1.0,,,,,,,,,,,,,,,,,,,,,,,,,,,,1.0,,,,1.0,,,,,,,1.0,1.0,,,,,,1.0,,,,,,,,,,,1.0,,,,,,,,,,,,,1.0,,,,,,,,,,,,,,1.0,,,,,,,,,,,,,,,,,,,,,,,,,,,,,,,,,,,,,,,,,1.0,,,,,,,,1.0,,,,,,,1.0,1.0,,,,,,,,,,,,,,,,,,,1.0,,,,,,,,,,,,,1.0,,,,1.0,,,1.0,,,,,,,,,,,,,,,,,,1.0,,1.0,1.0,,,,,,,,,,,,,,,,,,,,,,,,,,,,,,,,,,,,,,,,,1.0,,,,,1.0,,,,,,,,,,,,,1.0,,,,,,,,,,,,,,,,,,1.0,,,,,,,,,,,,,,,,,,,,,,,,,,1.0,,,,1.0,,,,,,,,,,,,1.0,,1.0,,,,1.0,,,,,,,,,,,,,,,,,,,1.0,,,,1.0,,,,,,,,,,,,,,1.0,,1.0,,,1.0,,,,,,,,,,,,,,,,,,,,,,,,,,,,,,,1.0,,,,,,,,,,,,,1.0,,,,1.0,,,,,,,,,,1.0,,1.0,,,,,,,,,,,,,,,,,,,1.0,,,,,,,,,,1.0,,,,,,,,,,1.0,,1.0,,,,,,,,,1.0,,,,,,,,,,,,,,,,,,,1.0,1.0,,,,,,,,,,,1.0,,,,,,1.0,,,,,,,,,,,,,,,,,,,1.0,,,,,,,,,,,,,,,,,,,,1.0,,,,,,,,1.0,,,,,,,,,,,1.0,,,,,1.0,,1.0,,,
CDC25A,['CDC25A'],,,,,,,,,,,,,,,,,,,,,,,,,,,,,,,,,,,,,,,,,,,,,,,,,,,,,,,,,,,,,,,,,,,,,,,,,,,,,,,,,,,,,,,,,,,,,,,,,,,,,,,,,,,,,,,,,,,,,,,,,,,,,,,,,,,,,,,,,,,,,,,,,,,,,,,,,,,,,,,,,,,,,,,,,,,,,,,,,,,,,,,,,,,,,,,,,,,,,,,,,,,,,,,,,,,,,,,,,,,,,,,,,,,,,,,,,,,,,,,,,,,,,,,,,,,,,,,,,,,,,,,,,,,,,,,,,,,,,,,,,,,,,,,,,,,,,,,,,,,,,,,,,,,,,,,,,,,,,,,,,,,,,,,,,,,,,,,,,,,,,,,,,,,,,,,,,,,,,,,,,,,,,,,,,,,,,,,,,,,,,,,,,,,,,,,,,,,,,,,,,,,,,,,,,,,,,,,,,,,,,,,,,,,,,,,,,,,,,,,,,,,,,,,,,,,,,,,,,,,,,,,,,,,,,,,,,,,,,,,,,,,,,,,,,,,,,,,,,,,,,,,,,,,,,,,,,,,,,,,,,,,,,,,,,,,,,,,,,,,,,,,,,,,,,,,,,,,,,,,,,,,,,,,,,,,,,,,,,,,,,,,,,,,,,,,,,,,,,,,,,,,,,,,,,,,,,,,,,,,,,,,,,,,,,,,,,,,,,,,,,,,,,,,,,,,,,,,,,,,,,,,,,,,,,,,,,,,,,,,,,,,,,,,,,,,,,,,,,,,,,,,,,,,,,,,,,,,,,,,,,,,,,,,,,,,,,,,,,,,,,,,,,,,,,,,,,,,
CDKN1A,"['CDKN1A', 'CDPF1']",,,,,,,,,,,,,,,,,,,,,,,,,,,,,,,,,,,,,,,,0.0,,,,1.0,,1.0,,,,,,,,,,,,,1.0,,,,,,,,,,,,,,,,,,,,,,,,,,,,,,,,,,1.0,,,,,,,,,,0.0,,,,,,,,,,,1.0,,,,,,,,,,,,,,,,,,,,,,1.0,,,,,,,,,,,,,,,,,,,,,,,,,,,1.0,,,,,1.0,,,,,,,,,,,,,,,,,,,,,,,0.0,,,,,,,,,,,,,,,,,,,,,,,,,,,,,,,,,,,,,,1.0,,,,,,,,,,,,,,,,,,,,,,,,,,,,,,,,,,,,,,,,,,,,,,,,,,,,,,,,,,,,,,,,,,,,,,,,,,,,,,,,,,,,,,,,,,,,,,,,,,,,,,,,,,,,,,,,,,,,,,,,,,,,,,,,,,,,,,,,,,,,,,,,,,,,,,,,,,,,,,,,,,,,,,,,,,,,,,,,,,,,,,,,,,,,,,,,,1.0,,,,,,1.0,,,,,,,,,,,,,,,,,,,,,,,,,,,,,,,,,,,,1.0,,,,,,,,,1.0,,,1.0,,,,1.0,,,,,,,,,,,,,,,,,,,,,,,,,,,,,,,,,,,,,,,,,,,,,,,,,,,,,,,,,,0.0,,,,,,1.0,,,,,,,,,0.0,,,,,,,,,,,,,,,,,,,,,,,,,,,,,,,,,,,,,,,,,,,,,,,,,,,,,,,,,,,,,,,,,,,,,,,,,,,0.0,,,,,,,,,,,,,,,,,,,,,,,,,,,,,,,,,,,,,,,,,,,0.0,,,,,,,,,,,,,,,,,,,,,,,,,,,,,,,,,,,,,,,,,,,,,,,,,,,,,,,,,,,,,,,,,,,,,,,,,,,,,,,,,1.0,,,
CDKN1B,['CDKN1B'],,,,,,,,,,,,,,1.0,,,,,,,,,,,,,,,,,,,,,,,,,,,,,,,,,,,,,,,,,,,,,,,,,,,,,,,,,,,,,,,,,,,,,,,,,,,,,,,,,,,,,,,,,,,,,,,,,,,,,,,,,,,,,,,,,,,,,,,,,,,,,,,,,,,,,,,,,,,0.0,,,,,,,,,,,,,,,,,,,,1.0,,,,,,,,,,,,,,,,,,,,,,,,,,,,,,,1.0,,,0.0,,,,,,,,,,,,,,,,,,,1.0,,,,,,,,,,,,,,,,,,,,,,,,,,,,,,,,,,,,,,,,,,,,,,,,,,,,,,,,,,,,,,1.0,,0.0,,,,,,,,,,,,,,,,,,,,,,,,,,1.0,,,,,,,,,,,,,,,,,,,,,,,,,,,,,,,,,,,,,,,,,,,,,,,,,,,,,,,,,,,,,,,,,,,,,,1.0,,0.0,,,,,,,,,,,,,,,,,,1.0,,,,,,,,,,,0.0,,,,,,,,,,,,,,,,,,,,,,,1.0,,,,,,,,,,,,,,,,,1.0,,,,,,,,,,,,,,,,,,,,,,,,,,,,,,,,,,,,,,,,,,,,,,,,,,,,,,,,,,,,,,,,,,,,,,,,,,,,,,,1.0,,,,,,,,,,1.0,,,,,,,,,,,,,,,,,,,,,,,,,,,,,,,,,,,,,,,,,,,,,,,,,,,,,,,,,0.0,,,,,,,,,,,,,,,,,,,,,,,,,,,,,,,,,,,,,,,,,,,,,,,,,,,,,,,,,,,,,,,,,1.0,,,,,,,,,,,,,,,,,,,,,,,,,,,,,,,,,,,,,,,,,,,,,,,,,,,,,,,,,,,,,,,,,,,,,,,,,,,,,,,,,,,,,,,
CDKN2A,['CDKN2A'],,0.0,0.0,,0.0,0.0,,,0.0,,,0.0,,,0.0,0.0,0.0,0.0,,0.0,,,0.0,0.0,0.0,0.0,,,0.0,,,,,,0.0,,,,0.0,0.0,0.0,0.0,0.0,,,0.0,,,,,,,0.0,,,,,0.0,,,,,,0.0,,,0.0,,0.0,,,0.0,,,,,0.0,,,0.0,,,,,,,0.0,0.0,0.0,0.0,,,0.0,,,,,,,0.0,0.0,0.0,,,0.0,,,,,0.0,,,,0.0,0.0,0.0,0.0,,0.0,,,0.0,0.0,,,0.0,,0.0,0.0,0.0,,0.0,,,0.0,,0.0,0.0,,,0.0,,,,0.0,,0.0,,,0.0,0.0,,,0.0,,,,0.0,,,,0.0,,,,0.0,,0.0,0.0,,,,,,0.0,0.0,,0.0,0.0,0.0,,0.0,0.0,,0.0,,,,,,,,0.0,,,,,,,,0.0,,,,,0.0,,,,,,0.0,0.0,,0.0,0.0,,,,0.0,,,,,0.0,0.0,,0.0,0.0,0.0,0.0,1.0,,,,,,0.0,,0.0,,0.0,0.0,0.0,,0.0,0.0,0.0,,,0.0,,,,0.0,,0.0,0.0,,,,0.0,0.0,0.0,,,,,,,0.0,0.0,0.0,,0.0,,,,,,,,0.0,0.0,,,0.0,0.0,,,0.0,,0.0,,,,0.0,0.0,0.0,,,,0.0,,,,0.0,,0.0,0.0,1.0,,0.0,,0.0,,,,0.0,0.0,,,,0.0,0.0,0.0,,,0.0,0.0,,,,,,0.0,,,,0.0,0.0,,,0.0,,,,,,0.0,0.0,,,,,0.0,0.0,0.0,,,,0.0,,0.0,0.0,0.0,0.0,0.0,,0.0,,,0.0,,,0.0,0.0,0.0,,,,,,0.0,,,0.0,0.0,0.0,,0.0,0.0,,0.0,,,,,0.0,,0.0,0.0,,,0.0,0.0,0.0,,0.0,,,0.0,0.0,0.0,,0.0,,,,,,,,,,0.0,,,0.0,,,0.0,,0.0,,0.0,0.0,,,0.0,,,,,0.0,0.0,,,,,0.0,0.0,,,,0.0,,,,,,,,0.0,0.0,,,0.0,,,,,0.0,,0.0,,,0.0,,,,,0.0,,0.0,,0.0,0.0,0.0,,,,0.0,0.0,,,0.0,,,,,,0.0,0.0,,0.0,,,0.0,,1.0,0.0,0.0,,,0.0,0.0,0.0,0.0,,0.0,0.0,0.0,,0.0,,,0.0,,,0.0,0.0,0.0,0.0,,,0.0,,0.0,,,,,,0.0,,,,0.0,,0.0,,0.0,,0.0,0.0,0.0,0.0,,,,0.0,0.0,,0.0,,,0.0,0.0,0.0,0.0,0.0,,0.0,,,0.0,0.0,,0.0,,0.0,0.0,0.0,,0.0,0.0,0.0,1.0,,0.0,0.0,,0.0,,,0.0,0.0,,0.0,,0.0,0.0,,,,0.0,0.0,,,,,,,0.0,0.0,0.0,0.0,,,,,0.0,0.0,0.0,0.0,0.0,,,,,0.0,,0.0,,,,,,,,0.0,0.0,,0.0,,,,,,,0.0,0.0,,,,,,0.0,0.0,,0.0,,,0.0,0.0,,0.0,,0.0,,0.0,,0.0,,0.0,,,,,,0.0,,,0.0,,,0.0,,,,,,0.0,,,,,,,,0.0,0.0,0.0,,,,,0.0,,,,,,,0.0,0.0,0.0,0.0,0.0,,1.0,0.0,,,,0.0,,,,,0.0,,,,0.0,,,,,,,,,0.0,,,,0.0,,0.0,0.0,0.0,0.0,
CREB1,['CREB1'],,,1.0,1.0,,,1.0,,,,,1.0,1.0,1.0,,1.0,1.0,1.0,,,,1.0,,1.0,,1.0,,1.0,,,1.0,,,,1.0,,1.0,1.0,,,,1.0,,,1.0,1.0,,1.0,,1.0,1.0,,1.0,,,,1.0,,,,,,,,,1.0,,1.0,,1.0,,1.0,,1.0,1.0,,,1.0,1.0,,,,,1.0,,1.0,1.0,1.0,,,,1.0,,,,,,,,,,,1.0,1.0,,1.0,1.0,1.0,1.0,,,,,1.0,,1.0,1.0,1.0,,1.0,,,,1.0,,,,,1.0,,,,,1.0,1.0,,,1.0,1.0,1.0,1.0,1.0,1.0,1.0,,,1.0,,,,,,1.0,1.0,,,1.0,1.0,1.0,,,1.0,,,1.0,1.0,,,,,,,,,,1.0,1.0,,,,,,1.0,,,,1.0,,1.0,,1.0,,,,1.0,,,,,,1.0,,,,1.0,,,,,,,,1.0,,1.0,1.0,,1.0,1.0,,1.0,,1.0,,1.0,,1.0,1.0,,,,,1.0,1.0,,,,,,1.0,,,1.0,,1.0,1.0,,1.0,1.0,,,,,,,,,1.0,1.0,,,1.0,,1.0,1.0,,1.0,,1.0,,,1.0,1.0,,,,,1.0,1.0,1.0,1.0,,1.0,,,,1.0,,,,1.0,,1.0,1.0,1.0,,,,1.0,1.0,,1.0,,,,1.0,1.0,1.0,,1.0,,,,1.0,1.0,,,1.0,1.0,1.0,,,,,,1.0,1.0,,1.0,1.0,,,1.0,,1.0,,,,,,,,,1.0,1.0,,1.0,,,1.0,,,,1.0,,,1.0,,,,,,1.0,,1.0,,1.0,,,,1.0,1.0,,,,,,,1.0,1.0,1.0,,,,,1.0,,,,,1.0,,,,,,,,1.0,,1.0,1.0,,,,1.0,,1.0,,,,,,1.0,,,1.0,,,,,,,,,1.0,,1.0,1.0,1.0,,1.0,,,,1.0,1.0,1.0,1.0,,,1.0,1.0,1.0,,1.0,,,,,1.0,1.0,1.0,,,1.0,,1.0,,1.0,,1.0,1.0,1.0,,,,1.0,,,,,,,1.0,,,,,1.0,1.0,1.0,,,,,1.0,1.0,1.0,,,1.0,,,,1.0,1.0,1.0,1.0,,1.0,1.0,,1.0,1.0,,1.0,1.0,,,,,1.0,,,,,1.0,1.0,,,,,1.0,,,,,1.0,,1.0,,,1.0,,,,,1.0,,,,,,1.0,,,,1.0,,,,,1.0,,,1.0,,1.0,1.0,,1.0,,,1.0,,,1.0,1.0,1.0,1.0,,,,,,1.0,,,,1.0,,1.0,1.0,,,,1.0,1.0,,,1.0,,,,,,,,1.0,,1.0,,,,,,1.0,,,1.0,,1.0,1.0,,1.0,,,,,,,,,,1.0,,,1.0,,,1.0,1.0,,,,1.0,1.0,1.0,1.0,,1.0,1.0,,,1.0,1.0,,,1.0,,1.0,,1.0,,,1.0,1.0,1.0,1.0,,,1.0,,1.0,,,,,,,,,1.0,1.0,1.0,1.0,1.0,1.0,,,1.0,,,,,1.0,,1.0,,,,,1.0,,,1.0,,1.0,,,1.0,,1.0,1.0,,,,1.0,1.0,,,,1.0,,,,1.0,1.0,,1.0,1.0,,1.0,,,,1.0,1.0,,,,,,,1.0,1.0,,1.0,,,1.0,,1.0,,,,,,,1.0,,,,
CTNNB1,['CTNNB1'],,,,,,,1.0,1.0,,,,,,,,1.0,,1.0,,,,,,1.0,,1.0,,,,1.0,,,,,,,1.0,,,,,1.0,,,1.0,,,,,,,,,,1.0,,,,,,,,,,,1.0,,,,,,1.0,,,1.0,,,,,,,,,,,,1.0,,,,,1.0,,,,,,,,,,,,,,1.0,,,,,,,,,,,1.0,1.0,,,,,,,,,1.0,,1.0,,,,,,,,,,1.0,1.0,1.0,1.0,1.0,,,,1.0,,,,,,,1.0,,,1.0,1.0,1.0,1.0,,,,,,,,,1.0,,,,,,,,,,,1.0,,,,,,,,,1.0,,1.0,,,,1.0,,,,,,,,,,,,,1.0,,,,,,,,,,,,1.0,,,,,1.0,,1.0,,,,,,,,,,,,,,,,,,,1.0,,,,,,,,,,,,1.0,,,,1.0,,,,,,,,,,1.0,1.0,,,,,,,1.0,,,1.0,,,,,,,,1.0,1.0,1.0,1.0,,,,,,1.0,,1.0,,,,,,,,,,,,1.0,,,,1.0,1.0,1.0,,,,,,1.0,1.0,,,,,,1.0,,,,,,,,1.0,,,1.0,,,,1.0,,,,,,,,,,,,,,,1.0,,1.0,1.0,,,,,,,1.0,,,,,,,,,,,,,,,1.0,,,,,,,1.0,,,,1.0,,1.0,1.0,,,,,,,,,,,,1.0,,,,,,,,,,,,,,,1.0,1.0,,,,,,,,1.0,,,,1.0,1.0,1.0,,,,,,,1.0,1.0,1.0,,,,,,,,,1.0,,1.0,,,,,,,,,,,1.0,,,,,,1.0,,,,,,,1.0,,,,1.0,1.0,1.0,,1.0,1.0,,1.0,,,,,1.0,,,,,,,,,,0.0,,,,,1.0,,,,,,,,1.0,,1.0,1.0,1.0,,,,,,,,,,,,,,,,,,,,,,,1.0,,,,1.0,1.0,,,1.0,,,,,,1.0,,1.0,,,,,,,,,,,,,1.0,1.0,1.0,,,,,,,,,,,,,,,1.0,,,,,,1.0,,1.0,,,,,,,,,,,,1.0,,,1.0,1.0,,,,,,1.0,,,,1.0,,,,1.0,,1.0,,1.0,,,,,,,,,,1.0,,1.0,,,,,1.0,,,,,,1.0,,,,,,,,,,1.0,1.0,,1.0,,,,1.0,,,0.0,,1.0,,,,,,,,,,,,1.0,,,,,1.0,1.0,,,,,1.0,,,,,,,,1.0,1.0,,,,,,,,,,1.0,,,,,,,,,,,,,1.0,,1.0,,,,,,,1.0,,,,
CYCS,['CYCS'],,,,,,,,,,,,,,,,,,,,,,,,,,,,,,,,,,,,,,,1.0,1.0,,,,,,,,,,,,,,,,,,,,,,,,,,,,,,,,,,,,,,,,,,,,,1.0,,,,,,,,,,,,,,,,,1.0,,,,,1.0,,,,,,,,,,,,,,,,,,,,,,,,,,,,,,,1.0,1.0,,,,,,,,,,,,1.0,,,,,,,,1.0,,,,,,,,,,,,,,,,,,,,,,,,,,,,,,,,1.0,,,1.0,,,,,,,,,,,,1.0,,,,,,,,,,,,,,,,,,,,,,,,,,,,1.0,,,,1.0,,,,,,,,,,,,,1.0,,,,,1.0,,,,,,,,1.0,,,,,,,,,,,,,,,,,,,,,,,1.0,,,,,,,,1.0,,1.0,1.0,,,,,,,,,,,,,,1.0,,,,,,,1.0,,,,,,,,,,,,,,,,,,,,,,,,,,,,,1.0,,,1.0,,,,,,,,,,,,,,,,,,,,,,,,,,,,,,,,,,,,,,,,,,,,,,,,,,,,,,,,,,,,1.0,,,,,,,,,,,,,,,,,,1.0,,,,,,,,,,,,,,,,,,,,,,,,,,,,,,,,,,,1.0,,,,,,,,,,,,,,,,,,,,,,,,,,,,1.0,,,,,,,,,,,,,,,,,,1.0,,,,,,,,,,,,,,,,1.0,,,1.0,,1.0,,1.0,,,,,,,,,,,,,,,,1.0,,,,,,,,,,,,,,,,,,,,,,,,,,,,,,,,,,,,,,,,,,,,,,,,,,,,,,,,,,,,,,,,,,,,1.0,,,,,,,,,,,,,,,,,,,,,,,,,,,,,,,,,,,,,,,,1.0,,,,,,,,,,,,,,,,,,,,,,,,,,,,,1.0,,,,,,,,,,,,,,,,,,,,,,,,,,,,,,,,,,,,,,,,,,,,,,,,,,,,,,,,,,,,,,,,,1.0,,,,
CyclinB_CDK1,"['CCNB1', 'CDK1']",,,,,,,,,,,,,,,,,,,,,,,,,,,1.0,,,,,,,,,,,,,,,,,,,,,,,,,,,,,,,,,,,,,,,,,,,,,,,,,,,,,,,,,,,,,,,,,,,,,,,,1.0,,,,,,,,,,,,,,,,,,,,,,,,,,,,,,,,,,,,,,,,,,,,,,,,,,,,,,,,,,,,,,1.0,,,,,,,,,,,,,,,,,,,,,,,,,1.0,,,,,,,,,,,,,,,,,,,,,,,,,,,,,,,,,,,,,,,,,,,,,,,,,,,,,,,,,,,,,,,,,,,,,,,,,,,,,,,,,,,,,,,,,,,,,,,,,1.0,,,,,,1.0,,,,,,,,,,,,,,,,,,,,,,,,,,,,,,,,,,,,,,,,,,,,,,,,,,,,,,,,,,,,,,,,,,,,,,,,,,,,,,,,,,,,,,,,,,,,,,,,,,,,,,,,,,,,,,,,,,,,,,,,,,,,,,,,,,,,,,,,,,,,,,,,,,,,,,,,,,,,,,,,,,,,,,,,,,,,,,,,,,,,,,,,,,,,,,,,,,,,,,1.0,,,,,,,,,,,,,,,,,,,,,,,,,,,,,,,,,,,,,,,,,,,,,,,,,,,,,,,,,,,,,,,,,,,,,,,,,,,,,,,,,,,,,,,,,,,,,,,,,,,,,,,,,,,,,,,,,,,,,,,,,,,,,,,,,,,,,,,,,,,,,,,,,,,,,,,,,,,,,,,,,,,,,,,,,,,,,,,,,,,,,,,,,,,,,,,,,,,,,,,,,,,,,,,,,,,,,,,,,,,,,,,,,,,,,,,,,,,,,,,,,,,,,,,,,,,,,,,,,,1.0,,,,,,,,,,
CyclinD_CDK4_6,"['CCND1', 'CDK4', 'CDK6']",,,,1.0,,,,,,1.0,,1.0,,,1.0,,,1.0,,,,,,,,1.0,1.0,,,,,,,,,,,,,,,,,,1.0,1.0,,,,1.0,,,,,,,,,,,,,,,,,,,1.0,,,,,,1.0,,,,1.0,,,,1.0,,,,,,,,,1.0,,1.0,,,,,,,1.0,1.0,,,,,1.0,1.0,,1.0,1.0,,,,,,,,1.0,,,,,,,,,,,,,1.0,,,,,,1.0,1.0,,1.0,,1.0,,,1.0,,,,1.0,,,,,1.0,,,,,,,,,,,,,1.0,,,,1.0,,,,,,,,,,1.0,,,,,,,,,,,,1.0,,,1.0,,,1.0,,,,1.0,,,,,,,1.0,1.0,,,,,,1.0,,1.0,,,,,,,,,1.0,,,,,,,,,,,,,1.0,,,,,,,,,,,,,,1.0,,,,,,,,,,,,,,,,,,1.0,,,,,,,,,,,,,,,,,,,,,,,1.0,,,,,,,,1.0,,,,,,,1.0,1.0,,,,,,,,1.0,,,,,,,,,,,1.0,,,,,,,,,,,,,1.0,,,1.0,1.0,,,1.0,,,,,,,,,,,,,,,,,,1.0,,1.0,1.0,,,,,,,,,,,,,,,1.0,,,,,1.0,,,,,,,,,,1.0,,,,,,,,,,1.0,1.0,,,,,1.0,,,,,,,,,1.0,,,,1.0,,,1.0,,,,1.0,,,1.0,,,,,1.0,,1.0,1.0,,,,,,,,,1.0,,,,,,,,,,,,,,,,,1.0,,,,1.0,,,,,,,,,,,,1.0,,1.0,,,,1.0,,,,,,,,,,,,,,,,,,1.0,1.0,,,,1.0,,,1.0,,,,,,,,1.0,,,1.0,1.0,1.0,,,1.0,,,,,,,,,,,1.0,,,,,,,,,,,,,,,,,,,,1.0,,,,,,,,,,,,,1.0,,,,1.0,,,,,,1.0,,,,1.0,1.0,1.0,,,,,,,,,,,,,,,,,,,1.0,,,,,,,,,,1.0,,,1.0,1.0,,,,,,1.0,,1.0,,,,,,,,,1.0,,,,,,,,,,,,,,,1.0,,,,1.0,1.0,,,,,,,,,,,1.0,,,,,1.0,1.0,,,,,,,,,,,,,,,1.0,1.0,,1.0,1.0,,,,,,,,,,,,,,,,,,,,1.0,,,,,,,,1.0,,,,1.0,,,,1.0,,,1.0,,,,,1.0,1.0,1.0,,,
CyclinE_CDK2,"['CCNE1', 'CDK2']",,,,,,,,,,,,,,,,,,,,,,,,,1.0,,,,,,,,,,,,,,,,,,,1.0,,,,,,1.0,,,,,,,,,,,,,,,,1.0,,,,,,,,,,,,,,,,,,,,,,,,,,,,,,,,,,,,,,,,1.0,,,,,,,,,,,,,,,,,,,,,,,,,,,,,1.0,,,,,,,,,,1.0,,,,,,,,,,,,,,,,,,,,,,,,,,,,,,,,,,,1.0,,,,1.0,,,,,,,,,,,,,,,,,,,,,,,,,,,,,,,,,,,,1.0,,,,,,,,,,,,,,,,,1.0,,,,,,,,,,,,,,,,,,,,,,,,,,,,,,,,,,,,,,,,1.0,,,,,,,,,,,,,,,1.0,,,,,,,,,,,,,,,,,1.0,,,,,,,,,1.0,,,,,,,,,,,,,,1.0,,,,,,,,,,,,,,,,,,,,,,,,,1.0,,,,,,,,,,,,,,,,,,,,,,,,,,,,,,,,,,,,1.0,,,,,,,,,,,,,,,,,,,,,,,,,,,,,,,,,,,,,,,,,,1.0,,,,,,,,,,,,,,1.0,,,,,,,,,,1.0,,,,,,,,,,1.0,1.0,,,,,,,,,,,1.0,,,,,,,1.0,,,,,,,,,,,,,1.0,,,,,,,,,,,,,,,,,,,,,,,,,,,,,,,,,,,,1.0,,,,,,,,,,,,,,,,,,,,,,,,,,,,,,,,,,,,1.0,1.0,,,,,,,,,,,,,,,,,,,1.0,,1.0,,,,,,,,,1.0,,,,,1.0,,,,,,,,,,,,,,,,,,,,,,,,,,,,,,,,,,,,,,,,,,1.0,,,,,,,,,,,,,,1.0,,,,,,,,,,,,,,,,,,,,,,,,,,,,,,,,,,,,,,1.0,,,,,,,,,,,,,,,,,,,,1.0,,,,,1.0,,,,,,,,,,,,,,,,,1.0,,,,,,,,,,
DIABLO,['DIABLO'],,,,,,,,,,,,,,,,,,,,,,,,,,,,,,,,,,,,,,,,,,,,1.0,,,,,,,,,,,,,,,,,,,,1.0,,,,,,,,,,,,,,,,,,,,,,,,,,,,,,,,,,,,,,,,,,,,,,,,,,,,,,,,,,,,,,,,,,,,,,,,,,,,,,,,,,,,,,,,,,,,,,,,,,,,,,,,,,,,,,,,,,,,,,,,,,,,,,,,,,,,,,,,,,,,,,,,,,,,,,,,,,,,,,,,,,,,,,,,,,,,,,,,,,,,,,,,,,,,,,,,,,,,,,,,,,,,,,,,,,,,,,,,,,,,,,,,,,,,,,,,,,,,,,,,,,,,,,,,,,,,,,,,,,,,,,,,,,,,,,,,,,,,,,,,,,,,,,,1.0,,,,,,,,,,,,,,,,,,,,,,,,,,,,,,,,,,,,,,,,,,,,,,,,,,,,,,,,,,,,,,,,,,,,,,,,,,,,,,,,,,,,,,,,,,,,,,,,,,,,,,,,,,,,,,,,,,,,,,,,,,,,,,,,,,,,,,,,,,,,,,,,,,,,,,,,,,,,,,,,,,,,,,,,,,,,,,,,,,,,,,,,,,,,,,,,,,,,,,,,,,,,,,,,,,,,,,,,,,,,,,,,,,,,,,,,,,,,,,,,,,,,,,,,,,,,,,,,,,,,,,,,,,,,,,,,,,,,,,,,,,,,,,,,,,,,,,,,,,,,,,,,,,,,,,,,,,,,,,,,,,,,,,,,,,,,,,,,,,,,,,,,,,,,,,,,,,,,,,,,,,,,,,,,,,,,,,,,,,,,,,,,,,,,,,,,,,,,,,,,,,,,
E2F,['E2F'],,,,,,,,,,,,,,,,,,,,,,,,,,,,,,,,,,,,,,,,,,,,,,,,,,,,,,,,,,,,,,,,,,,,,,,,,,,,,,,,,,,,,,,,,,,,,,,,,,,,,,,,,,,,,,,,,,,,,,,,,,,,,,,,,,,,,,,,,,,,,,,,,,,,,,,,,,,,,,,,,,,,,,,,,,,,,,,,,,,,,,,,,,,,,,,,,,,,,,,,,,,,,,,,,,,,,,,,,,,,,,,,,,,,,,,,,,,,,,,,,,,,,,,,,,,,,,,,,,,,,,,,,,,,,,,,,,,,,,,,,,,,,,,,,,,,,,,,,,,,,,,,,,,,,,,,,,,,,,,,,,,,,,,,,,,,,,,,,,,,,,,,,,,,,,,,,,,,,,,,,,,,,,,,,,,,,,,,,,,,,,,,,,,,,,,,,,,,,,,,,,,,,,,,,,,,,,,,,,,,,,,,,,,,,,,,,,,,,,,,,,,,,,,,,,,,,,,,,,,,,,,,,,,,,,,,,,,,,,,,,,,,,,,,,,,,,,,,,,,,,,,,,,,,,,,,,,,,,,,,,,,,,,,,,,,,,,,,,,,,,,,,,,,,,,,,,,,,,,,,,,,,,,,,,,,,,,,,,,,,,,,,,,,,,,,,,,,,,,,,,,,,,,,,,,,,,,,,,,,,,,,,,,,,,,,,,,,,,,,,,,,,,,,,,,,,,,,,,,,,,,,,,,,,,,,,,,,,,,,,,,,,,,,,,,,,,,,,,,,,,,,,,,,,,,,,,,,,,,,,,,,,,,,,,,,,,,,,,,,,,,,,,,,,,,,,,,,
EGFR,['EGFR'],,,,,,,,,,,,,,,,,,1.0,,,,,,,,,,,1.0,1.0,,,,,,,,,1.0,1.0,,,,,,,,,,,,1.0,,,,,,1.0,,,,,,,,,,,,,,,1.0,,,,,,,,,,,,1.0,,,,,,,,,1.0,,,,,,,,1.0,,,,,1.0,,,,1.0,,,,1.0,,,,,,,,,,,,,,,,,,,,,,,1.0,1.0,,,,,,,,,,,,1.0,1.0,,,,,,,,,,,,,,,,,,,,1.0,,,,,,,,,,,,,,,,,,,1.0,,,1.0,,,,,,,1.0,1.0,,,,1.0,,,,,,1.0,,,,,,,,,,,,,,,,,1.0,,,,,1.0,,,,,,,,,,,,,,,,,1.0,,,,,,,,,1.0,,,,1.0,1.0,,,,,,,,,,,,,,,,,,,,,,1.0,,,,,,,,1.0,,,1.0,,,,,,,,,1.0,,,,,1.0,,,,,,,,,1.0,,,,,,,,,,,,1.0,,,,,,,,,,,,,,,1.0,,,,1.0,,,,,,,,,,,,,,,,,,,,,,,,,,,,,,,,,,,,,,,,,,,,,,,,,,,,,,,,,,,,,,,,,,,,,,,,,,,1.0,,1.0,,,,,,,,,,1.0,,,,,,,,,,,,,,,,,,,,,,,,,,,,,,,,,,,,,,,,,,,,,,,,,,,,,,,,,,,,,1.0,,,,,,,,,,1.0,,,,1.0,,,,,,,,,,,,1.0,,,1.0,,1.0,,1.0,,,,1.0,,,,,,1.0,,,,1.0,,1.0,,,,,,,,,,,,,,,,,1.0,,,,,,,,,,,,,,,1.0,,,,,,,,,1.0,1.0,,,1.0,,,,,1.0,,,,,,,,,,1.0,,,,,,,1.0,1.0,,,,,,,,1.0,,,,,,,,,,,,,,1.0,,1.0,,,,,,,,,,,,,,,,1.0,,,,,,,,,,,,,,,,,,,,,,,,,,,,,1.0,,,,,,,,,,,,,,,,,,,,,,,,,,,,,,,,,,,,,,,,,,,,,,,,,,,,,,,1.0,,,1.0,1.0,,,,,,1.0,,,,
ERBB2,['ERBB2'],,,,,,,,,1.0,,,,,,1.0,,,,,,,,,,,,,,,,1.0,,,,,,,,,,,,,,,,,,,,1.0,,,,,,,,,1.0,,,,,,,,,,,,,,,,1.0,,,1.0,,,,,,,,,,1.0,,,,,,,,,,,,,,,,,,1.0,,,,,1.0,,,1.0,,,,,,,,,,,,,,1.0,,,,,,,,,,,,,,,,,,,,,,,,,,,1.0,1.0,,,,1.0,,,,,,,1.0,,,1.0,,,,,,,,,,,1.0,,,,,,,,,,,,,,1.0,1.0,,,1.0,,,,,,,,,,,,,,,,,,,,,,,,,,,,,,,,,,,,,,,,,,,,,,,,,,,,,1.0,,1.0,,,,,,,,,,,1.0,,,,,,,,,,,,,1.0,,,,,,,,,,,,,,,,,,,,,1.0,,,,,,,,,,,,1.0,1.0,,,,1.0,1.0,,,,,,1.0,,,,,,,,,,,,,,,,,,,,,,,,,,,,,,,,1.0,,,,,,1.0,,,,,,,,,,,,,,1.0,,,,,,,,,,,,,,,,,,,,,,,,,,,,,,,,,,,,,1.0,,,,,,,,,,,,,,,,,,,,,,,,,,,,,,,,,,,,,,,,,,,,,,,,,,,,,,,,,,,,,,,,,,,,,,,,,,,,,,,,,,,,,,,,,,,,,,,,,,,,,,,,,,,,,,,,,,,,,,,,,,1.0,,,,,1.0,,,,,,,,,,,1.0,,,,,,,,,,,,,,,,,,,,,,1.0,,1.0,,,,,1.0,,,,,1.0,,,,,,,,,,,,,,,,,,,,,,,,1.0,,,,,,,,,,,,1.0,,,,,,,,,,,,,,,,,,,,,,,,,,,1.0,,,,,,,,,,,,,,,,,,,,,,,,,,,,,,,,,,,,,,,,,,,,,,,,,,,,,,,,,,1.0,,,,,1.0,,,,,,,1.0,,,,,1.0,,,,,,,,1.0,,,,,,,,,,,,,,,,,,,,,,,,
ERK_f,"['MAPK1', 'MAPK3']",,,,,,,,,,,,,,,,,,1.0,,,,,,,,,,,,,,,,,,,,,,,,,,1.0,,,,,,,,,,,,,,,,,,,,,,,,,,,,,,,,,,,1.0,,,,,,,,,,,,,,,,,,,,,,,,,,,,,,,,,,,,,,,,,,,,,,,,,,,,,,,,,,,,,,,,,,,,,,,,,,,,,,,,,,,,,,,,,,,,,,,,,,,,,,,,,,,,,,,,,,,,,,,,,,,,,,,,,,,,1.0,,,,,,,,,,,,,,,,,,1.0,,,,,,,,,,,,,,,,1.0,,,,,,,,,,,,,,,1.0,,,,,,,,,,,,,,,,,,,,,,,,,,,1.0,,,,,,,,1.0,,,,,,,1.0,,,,,,,,,,,,,,,,,,,,,,,,,,,,,,,,,,,,,,,,,,,,,,,,,,,,,,,,,,,,,,,,,,,,,,,,1.0,,,,,,,,,,,,,1.0,,,,,,,,,,,,,,,,,,,,,,,,,,,,,1.0,,,,,,,,,,,,,,,,,,,,,,,,,,,,,,1.0,,,1.0,,,,,,,,,,,,,,,,,,,,,,,,1.0,,,,,,,,,,,,,,,,,,,,,,,,,,,,,,0.0,,,,,,,,,,,,,,,,,,,,,,,,,,,,,,,,,,,,,,,,,,,,,1.0,,,,,,,,,,,,,,,,,,,,,,,,,,,,,,,,,,,,,,,,,,,,,,,,,,,,,,,,,,,,,,,,,,,,,,,,,,,,,,,,1.0,,,,,,,,,,,,,,,,,,,,,,,,,,,,,,,,,,,,,,,,,,,,,,,,,,,,,,,,,,,,,,,,,,,,,,,,,,,,,,1.0,,,,,,,,,,,,,,,,,,,,,,,,,,,,,,,,,,,,,,,,,,,,,,1.0,,,1.0
FGFR,['FGFR'],,,,,,,,,,,,,,,,,,,,,,,,,,,,,,,,,,,,,,,,,,,,,,,,,,,,,,,,,,,,,,,,,,,,,,,,,,,,,,,,,,,,,,,,,,,,,,,,,,,,,,,,,,,,,,,,,,,,,,,,,,,,,,,,,,,,,,,,,,,,,,,,,,,,,,,,,,,,,,,,,,,,,,,,,,,,,,,,,,,,,,,,,,,,,,,,,,,,,,,,,,,,,,,,,,,,,,,,,,,,,,,,,,,,,,,,,,,,,,,,,,,,,,,,,,,,,,,,,,,,,,,,,,,,,,,,,,,,,,,,,,,,,,,,,,,,,,,,,,,,,,,,,,,,,,,,,,,,,,,,,,,,,,,,,,,,,,,,,,,,,,,,,,,,,,,,,,,,,,,,,,,,,,,,,,,,,,,,,,,,,,,,,,,,,,,,,,,,,,,,,,,,,,,,,,,,,,,,,,,,,,,,,,,,,,,,,,,,,,,,,,,,,,,,,,,,,,,,,,,,,,,,,,,,,,,,,,,,,,,,,,,,,,,,,,,,,,,,,,,,,,,,,,,,,,,,,,,,,,,,,,,,,,,,,,,,,,,,,,,,,,,,,,,,,,,,,,,,,,,,,,,,,,,,,,,,,,,,,,,,,,,,,,,,,,,,,,,,,,,,,,,,,,,,,,,,,,,,,,,,,,,,,,,,,,,,,,,,,,,,,,,,,,,,,,,,,,,,,,,,,,,,,,,,,,,,,,,,,,,,,,,,,,,,,,,,,,,,,,,,,,,,,,,,,,,,,,,,,,,,,,,,,,,,,,,,,,,,,,,,,,,,,,,,,,,,,,,
FOS,['FOS'],,,,,,,1.0,,,,,1.0,,,,,1.0,1.0,,,,,,,,1.0,,,1.0,,1.0,,,,1.0,,1.0,,1.0,,,1.0,,,1.0,1.0,,,,,1.0,,1.0,,,,1.0,,,,,,,,,1.0,,1.0,,1.0,1.0,1.0,,,1.0,,,,1.0,,,,,,,,1.0,,,,,1.0,,,,,,,,,,,1.0,1.0,,1.0,,1.0,1.0,,,,,1.0,,1.0,1.0,1.0,,,,,,1.0,,,,,1.0,,,,,1.0,,,,1.0,1.0,1.0,1.0,1.0,1.0,1.0,,,1.0,1.0,,,,,1.0,1.0,,,1.0,1.0,1.0,,,1.0,,,,1.0,,,,,,1.0,,,,,1.0,,,,,,1.0,,,,1.0,,1.0,,1.0,1.0,,,1.0,,,,,,1.0,,,,1.0,,,,,,,,1.0,,1.0,,,,,,1.0,,,,1.0,,,,,,,,,1.0,,,,,1.0,,,,,,,1.0,,,1.0,,,,,,,,,1.0,1.0,,,1.0,,1.0,1.0,,,,,,1.0,1.0,1.0,,,,,1.0,1.0,1.0,,,1.0,,,,1.0,,,,1.0,1.0,1.0,1.0,1.0,,,1.0,1.0,1.0,,1.0,,,,,1.0,,,,,,1.0,1.0,,,,1.0,1.0,1.0,1.0,,,,,1.0,1.0,,,,,,1.0,,,,,1.0,,,,,,1.0,1.0,,,,,1.0,,,,1.0,,,1.0,,,,,,1.0,,1.0,1.0,,,,,,1.0,,1.0,,,,,,,,,,,,,,,,,1.0,1.0,,,,,,,,,1.0,1.0,,,,,,,,,,,,1.0,,,1.0,,,,,,,,,,,,1.0,1.0,,1.0,,,,1.0,1.0,1.0,1.0,,,,1.0,1.0,,,,,,,1.0,1.0,1.0,,,1.0,,1.0,,,,1.0,,1.0,,,1.0,1.0,,,1.0,,,,1.0,,,,,,1.0,1.0,,,,,,1.0,,1.0,,1.0,,,,1.0,1.0,,1.0,1.0,,,1.0,1.0,1.0,,,,,,,,1.0,,,1.0,1.0,,1.0,,,,,1.0,,1.0,,1.0,,,1.0,,,1.0,,,,1.0,1.0,,,1.0,,,,1.0,,,,,1.0,,,,1.0,,,1.0,1.0,1.0,1.0,1.0,,,1.0,,,1.0,,1.0,,,,,,,,,,,,,1.0,1.0,,,,,1.0,,,,,,,,1.0,,,1.0,,1.0,,,,1.0,,1.0,,,,,,1.0,,1.0,1.0,,,,,,,1.0,,,,1.0,1.0,,,1.0,1.0,,,,,1.0,1.0,1.0,1.0,1.0,1.0,1.0,,,,,,1.0,,,,1.0,1.0,,,,1.0,1.0,,,,1.0,,,,,,,,,,1.0,,1.0,1.0,1.0,,,,,,,,,1.0,,,,,,,1.0,,,,,1.0,,,1.0,,1.0,1.0,,1.0,,1.0,1.0,,,,1.0,,,,1.0,,,1.0,,,1.0,,,,,1.0,,,,,,,1.0,,1.0,,,,1.0,1.0,1.0,,,,,,,1.0,1.0,,,
FOXO3,['FOXO3'],,,,,,,,,,,,,,,,,,,,,0.0,,,,,,,,,,,,,,,,1.0,,,,,1.0,0.0,,1.0,,,,,,,,,,,,,1.0,,,,,,,,,,,,,,,,,1.0,,,,,,,,,,,,,,,,,,,,,,,,,,,,,,,,,1.0,,,,,,,,,,1.0,,,,,,,,,,,,,,,,,,,,,1.0,1.0,,,,,,,,,,,,,,,,,,,,,,,,,,,,,,,,,,,,,,,,,,,1.0,,,,,,,,,,,,,,,,,,1.0,,,,,,,,,,,,,,1.0,,,,1.0,,,,,,,,,,,,,,,,,,,,,,,,,,,,,,,,,,,,,,,,,,,,,,,,,,,,,1.0,,,,,,,,,,,1.0,,,,,,,,,,,,,,,,,,,1.0,,,,,,,0.0,,,,,,,,,,,,,,,,,,,,,,,,,,,,,,,,,,,,,,,,,,,,,,,,,,,,,,,,,,,,,,,,,,,,,,,,,,,,,,,,,,1.0,,,,,,,,,,,,,,,,,,,,,,,,,,,,,,,,,,,,,,1.0,,,,,,,,,,,,,,,,,,,,,,,1.0,,,,,,,,,0.0,,,,,,,,,,,,,,,,,,,,,,,,,,,,,,,,,,,,,,1.0,,,,,,,,,,,,,,,,,,,,,,,,,,,,,,,,,,,,,,,,,,,,,,,,,,,,,,,,,,,,,,,,,,,,,,,,,,1.0,,1.0,,,,,,,,,,,,,,,,,,,,,,,,,1.0,,,,,,,,,,,,,,,,,,,,,,,,,,,,,,,,,,,,,,1.0,,,,,,,,,,,,,,,,,,,,,,,,,,,,,,,,,,,,1.0,,,,,,,,,,,,,,,,,,,,,,,,,,,,,,,,,,,,,,,,,,,,,,,,,,,,,,,1.0,,,,,,,,,,,,,,,,,,,,,,,,,,
GSK3B,['GSK3B'],,,,,,,,,,,,,,,,,,,,,,,,,,,,,,,,,,,,,,,,,,,,,,,,,,,,,,,,,,,,,,,,,,,,,,,,,,,,,,,,,,,,,,,,,,,,,,,,,,,,,,,,,,,,,,,,,,,,,,,,,,,,,,,,,,,,,,,,,,,,,,,,,,,,,,1.0,,,,,,,,,,,,,,,,,,,,,,,,,,,,,,,,,,,,,,,,,,,,,,,,,,,,,,,,,,,,,,,,,,,,,,,,,,,,,,,,,,,,,,,,,,,,,,,,,,,,,,,,,,,,,,,,,,,,,,,,,,,,,,,,,,,,,,,,,,,,,,,,,,,,,,,,,,,,,,,,,,,,,,,,,,,,,,,,,,,,,,,,,,,,,,,,,,,,,,,,,,,,,,,,,,,,,,,,,,,,,,,,,,,,,,,,,,,,,,,,,,,,,,,,,,,,,,,,,,,,,,,,,,,,,,,,,,,,,,,,,,,1.0,,,,,,,,,,,,,,,,,,,,,,,,,,,,,,,,,,,,,,,,,,,,,,,,,,,,,,,,,,,,,,,,,,,,,,,,,,,,,,,,,,,,,,,,,,,,,,,,,,,,,,,,,,,,,,,,,,,,,,,,,,,,,,,,,,,,,,,,,,,,,,,,,,,,,,,,,,,,,,,,,,,,,,,,,,,,,,,,,,,,,,,,,,,,,,,,,,,,,,,,,,,,,,,,,,,,,,,,,,,,,,,,,,,,,,,,,,1.0,,,,,,,,,,,,,,,,,,,,,,,,,,,,,,,,,,,,,,,,,,,,,,,,,,,,,,,,,,,,,,,,,,,,,,,,,,,,,,,,,,,,,,,,1.0
IGF1R,['IGF1R'],,,,,,,,,,,,,,,,,,,,,,,,,,,,,,,,,,,,,,,,,,,,,,,,,,,,,,,,,,,,,,,,,,,,,,,,,,,,,,,,,,,,,,,,,,,,,,,,,,,,,,,,,,,,,,,,,,,,,,,,,,,,,,,,,,,,,,,,,,,,,,,,,,,,,,,,,,,,,,,,,,,,,,,,,,,,,,,,,,,,,,,,,,,,,,,,,,,,,,,,,,,,,,,,,,,,,,,,,,,,,,,,,,,,,,,,,,,,,,,,,,,,,,,,,,,,,,,,,,,,,,,,,,,,,,,,,,,,,,,,,,,,1.0,,,,,,,,,,,,,,,,,,,,,,,,,,,,,1.0,,,,,,,,,,,,,,,,,,,,,,,,,,,,,,,,,,,,,,,,,,,,,,,,,,,,,,,,,,,,,,,,,,,,,,,,,,,,,,,,,,,,,,,,,,,,,,,,,,,,1.0,,,,,,,,,,,,,,,,,,,,,,,,,,0.0,,,,,,,,,,,,,,,,,,,,,,,,,,,,,,,,,,,,,,,,,,,,,,,,,,1.0,,,,,,,,,,,,,,,,,,,,,,,,,,,,,,,,,,,,,,,,,,,,,,,,,,,,,,,,,,,,,,,,,,,,,,,,,,,,,,,,,,,,,,,,,,,,,,,,,,,,,,,,,,,,,,,,,,,,,,,,,,,,,,,,,,,,,,,,,,,,,,,,,,,,,,,,,,,,,,,,,1.0,,,,,,,,,,,,,,,,,,,,,,,,,,,,,,,,,,,,,,,,,,,,,,,,,,,,,,,,,,,,,,,,,,,,,,,,,,,,,,,,,,,,,,,,,,,,,,,,,,,,,,,,,
IRS2,['IRS2'],,,,,,,,,,,,1.0,,,,,,,1.0,,,,,,,,,,,,,,,,,,,,,,,,,,,,,,,,,,,,,,,,,,,,,,,,,,,,,,,1.0,,,,,,,,,,,,,,,,,,,,,,,,,,,,,,,,,,,,,,1.0,,,,,,,,,,,,,,,,,,,,,,,,,,,,,,,,,,,,,,,,,,,,,,,,,,,,,,,,,,,,,,,,,,,,,,,,,,,,,,,,,,,,,,,,,,,,,,,,,,,,,,,,,,,,,,,,,,,,,,,,,,,,,,,,,,,,,,,,,,,,,,,,,,,,1.0,,,,,,,,,,,,,,,,,,,,,,,,,,,,,,,,,,,,,,,,,,,,,,,,,,,,,,,,,,,,,,,,,,,,,,,,,,,,,,,,,,,,,,,,,1.0,,,,,,,,,,,,,1.0,,,,,,,,,,,,,,,,,,,,,,,,,,,,,,,,,,,,,,,,,,,,,,,,,,,,,,,,,,,,,,,,,,,,,,,,,,,,,,,,,,,,,,,,,,,,,,,,,,1.0,,,,,,,,,,1.0,,,,,,,,,,,,,,,,,,,,,,,,,,,,,,,,,,,,,,,,,,,,,,,,,,,,,,,,,,,,,,,,,,,,,,,,,,,,,,,,,,,,,,,,,,,,,,,,,,,,,,,,,,,,,,,,,,,,,,,,,,,,,,,,,,,,,,,,,,,,,,,1.0,,,,,,,,,,,,,,,1.0,,,,,,,,,,,,,,,,,,,,,,,,,,,,,,,,,,,,,,,,,,,,,1.0,,,,,,,,,,1.0,,,,1.0,,,,,1.0,,,,,,,,,1.0,,,,,,1.0,,,,,,,,,,,,,,,,,,,,,,,,,,1.0,,,,,,,1.0,,,,,,,,,,,,,,,
JUN,['JUN'],1.0,1.0,,1.0,,,1.0,,,,1.0,1.0,1.0,1.0,,1.0,1.0,1.0,,,,,,1.0,1.0,1.0,1.0,1.0,,1.0,1.0,1.0,1.0,1.0,1.0,,1.0,1.0,1.0,,,1.0,1.0,,1.0,1.0,1.0,1.0,,,1.0,,1.0,,1.0,,1.0,1.0,1.0,1.0,1.0,1.0,1.0,,1.0,1.0,,1.0,1.0,1.0,1.0,1.0,1.0,1.0,1.0,1.0,1.0,1.0,1.0,1.0,,,,1.0,1.0,1.0,1.0,1.0,,,,1.0,,,1.0,,1.0,,1.0,,1.0,,1.0,1.0,1.0,1.0,1.0,1.0,1.0,,,,,1.0,,1.0,1.0,1.0,1.0,1.0,,1.0,,1.0,1.0,1.0,1.0,1.0,1.0,1.0,,1.0,1.0,1.0,1.0,,1.0,1.0,1.0,1.0,1.0,1.0,1.0,1.0,1.0,,1.0,,1.0,,,,1.0,1.0,1.0,,1.0,1.0,1.0,,1.0,1.0,,0.0,1.0,1.0,,1.0,1.0,,1.0,1.0,1.0,,,1.0,1.0,,1.0,1.0,1.0,,1.0,,,,1.0,,1.0,,1.0,,1.0,,1.0,,1.0,1.0,1.0,,1.0,1.0,1.0,,1.0,,1.0,,,1.0,1.0,,1.0,,1.0,1.0,,1.0,1.0,1.0,1.0,,1.0,1.0,1.0,,1.0,1.0,1.0,,,,1.0,1.0,,1.0,,1.0,1.0,1.0,,,1.0,1.0,1.0,1.0,,1.0,1.0,,,,,1.0,1.0,1.0,1.0,1.0,1.0,,1.0,1.0,1.0,1.0,1.0,1.0,1.0,1.0,1.0,,1.0,1.0,1.0,,1.0,1.0,1.0,1.0,1.0,1.0,1.0,,1.0,,,1.0,1.0,1.0,1.0,,1.0,1.0,1.0,1.0,1.0,1.0,,1.0,1.0,1.0,1.0,1.0,,,,1.0,1.0,1.0,1.0,1.0,,,1.0,1.0,,1.0,,1.0,1.0,1.0,1.0,,1.0,,1.0,1.0,1.0,1.0,1.0,1.0,,,1.0,1.0,1.0,1.0,1.0,1.0,1.0,,1.0,1.0,1.0,1.0,1.0,,1.0,1.0,,1.0,,,,1.0,1.0,1.0,1.0,1.0,,,,1.0,1.0,,1.0,1.0,1.0,1.0,,1.0,1.0,1.0,1.0,1.0,,,1.0,,1.0,1.0,1.0,,1.0,1.0,,1.0,1.0,,,1.0,1.0,1.0,,,1.0,,,,1.0,,1.0,1.0,1.0,,1.0,1.0,1.0,1.0,1.0,,,1.0,,1.0,,,1.0,,,1.0,,1.0,1.0,,,1.0,1.0,,1.0,1.0,,1.0,1.0,,1.0,1.0,1.0,1.0,1.0,,,1.0,1.0,1.0,1.0,1.0,,1.0,,1.0,1.0,1.0,1.0,1.0,,1.0,,1.0,1.0,1.0,,1.0,,1.0,,,1.0,1.0,,1.0,1.0,,,,1.0,,,,,1.0,1.0,1.0,,,,1.0,1.0,1.0,1.0,1.0,,1.0,1.0,1.0,,1.0,1.0,,1.0,,1.0,1.0,1.0,1.0,1.0,1.0,1.0,1.0,,1.0,1.0,,1.0,,,,1.0,1.0,1.0,,1.0,1.0,1.0,1.0,,1.0,1.0,1.0,1.0,,1.0,,1.0,1.0,,,,1.0,1.0,,,1.0,,,1.0,1.0,1.0,,1.0,1.0,1.0,1.0,1.0,1.0,1.0,,1.0,1.0,1.0,1.0,1.0,1.0,1.0,,1.0,,,1.0,1.0,1.0,1.0,,,,1.0,,1.0,,,1.0,1.0,1.0,1.0,1.0,,,,1.0,1.0,,,1.0,,1.0,,1.0,1.0,,,1.0,,1.0,,1.0,1.0,1.0,1.0,1.0,,,1.0,,1.0,1.0,1.0,1.0,1.0,1.0,,1.0,1.0,1.0,,1.0,,1.0,,1.0,1.0,1.0,,1.0,1.0,1.0,,1.0,1.0,1.0,1.0,1.0,1.0,1.0,1.0,1.0,1.0,1.0,1.0,,1.0,1.0,1.0,1.0,1.0,1.0,1.0,,,1.0,1.0,1.0,1.0,,1.0,1.0,1.0,,1.0,,,1.0,,1.0,,1.0,1.0,1.0,1.0,1.0,1.0,,,1.0,,,1.0,1.0,1.0,1.0,1.0,1.0,,,,1.0,,1.0,1.0,1.0,1.0,,,1.0,,1.0,1.0,,1.0,1.0,1.0,1.0,1.0,,,1.0,1.0,1.0,,1.0,1.0,,1.0,1.0,1.0,1.0,,1.0,1.0,1.0,1.0,,1.0,,,,,1.0,1.0,1.0,1.0,,,1.0,1.0,1.0,1.0,,,,,1.0,1.0,1.0,,1.0,
KRAS,['KRAS'],,,,,1.0,,,,,,,,,1.0,,,,,,,,,1.0,,1.0,,,,,1.0,1.0,,1.0,,,,,,,,,,,,,,,,,,,,,,1.0,,,,,,,,1.0,1.0,,1.0,,,,,,,,,,,1.0,,,,,,,,1.0,,,,1.0,,,,,,,,,,,,,,,,,1.0,,,,,,,1.0,,,,,,,,,,1.0,,,,,,,,,,1.0,,,,,,,,,,,,,,,,,,,1.0,1.0,1.0,,,,,,,,,,,,1.0,,,,,,,1.0,,,,1.0,1.0,,,,,,,,,,1.0,,,,,1.0,,,1.0,,,,1.0,,,,1.0,,,,,,,,,,,,,,,,1.0,1.0,,,,,1.0,,,,1.0,,,,,,,,,,,,,,,,,,,,,,1.0,1.0,,1.0,,,,,,,1.0,,,,,,,,,,,,,1.0,,,1.0,,,,1.0,,1.0,,1.0,,1.0,,,,,,,,,,,,,,,,,,,,,,,,,,1.0,,1.0,,,,,,,,,,,1.0,,,,,,,,,,,,,1.0,1.0,1.0,,,1.0,,,1.0,,,1.0,1.0,,,1.0,,1.0,,,,,,1.0,,1.0,1.0,,,,,,,,1.0,,,,,,,,1.0,,1.0,,,,1.0,,,,,1.0,,,,,,,,,,,,,1.0,,,,,1.0,,1.0,1.0,,,,,,,,,,,,,1.0,,,,,,,,,,,,,1.0,,1.0,,,,,,,,1.0,1.0,,1.0,,1.0,,1.0,,,,,,,,,,,,1.0,,,,1.0,,,,,,,1.0,1.0,,1.0,,,,,1.0,,,,,,,,,,,,,,,,,,1.0,,,,,,1.0,,,,,,,,1.0,,,,,,,,,1.0,,,1.0,,,,1.0,1.0,,,,,,1.0,,,,,,,,,,,,,,,,,,1.0,,,,,,,,1.0,,,,,,,,,,,,,1.0,1.0,,,,,,,,,,,,,,,,,,,,,,,,,1.0,,,,,,,,,,1.0,1.0,,,,1.0,1.0,,,1.0,,,1.0,,1.0,,,,,,,,,,,1.0,1.0,1.0,,,,,,1.0,,,,1.0,1.0,1.0,,,1.0,,,,1.0,,1.0,,1.0,,,,,,,,,,,,1.0,,,,,,,,,,,,1.0,,,1.0,1.0,,,,,1.0,,,,,,1.0,1.0,,,,,,,,,,1.0,1.0,1.0,,,,,,,,,,1.0,,,1.0,,,,1.0,,,,1.0,,,,,,,,,,,,,,
LEF1,['LEF1'],,,,,,,1.0,,,,,,,,,1.0,,,,,,,,1.0,,1.0,,,,,,,,,,,,,,,,1.0,,,,,,,,,,,1.0,,,,,,,,,,,,,,,,,,,,,,,,,1.0,,,,,,,,,1.0,,,,,,,,,,,,,,,,,,,,,,,,,,,,,,1.0,1.0,,,,,,,,,1.0,,1.0,,,,,,,,,,1.0,,,,1.0,,,,1.0,,,,,,,1.0,,,,1.0,,1.0,,,,,,,,,,,,,,,,,,,,,,,,,,,,,,,1.0,,,,,,,,,,,,,,,,,,,,,,,,,,,,,,,,,,1.0,,,,,,,,,,,,,,,,,,,,,,,,,,,,,,,,,,,,,,,1.0,,,,,,,,,,,,,,,,1.0,,,1.0,,,,,,,,1.0,,,,,,,,,,,1.0,,,,,,,,,,,,1.0,,,,,1.0,,,,,,,1.0,,,,1.0,,,,,,,,,,,,,,1.0,,,,,,,,,,,,,,,,,,,1.0,,1.0,,,,,,,,,,,,,,,1.0,,,,,,,,,,,,,,,1.0,,,,,,1.0,1.0,,,,,,,,,,,,1.0,,,,,,,,,,,,,,,1.0,1.0,,,,,,,,,,,,,1.0,,,,,,,,1.0,1.0,,,,,,,,,,,,1.0,,,,,,,,,,,,,,,,,,,0.0,,,,,,,,,,1.0,1.0,,1.0,,,1.0,,,,,1.0,,,,,,,,,,,,,,,1.0,,,,,,,,,,,0.0,,,,1.0,,,,,,,,,,,,,,,,,,0.0,,1.0,,,,0.0,,,,,,,,,,,,,,,,,,,,,,,,,1.0,1.0,,,,,,,,,,,,,,,,,,,,,,,,1.0,,,,,,,,,,,,,,,,,,,,,1.0,,,,,,,,,1.0,,,,,,,,,,,,,,,,,,,,,,,,,,,,,,,,,,,,,,1.0,,1.0,,,,,,,,,,,,,,,,,,,,,,,,,,1.0,1.0,,,,,,,,,,,,,1.0,,,,,,,,,,,,,,,,,,,,,,,,1.0,,,,,,,,,1.0,,,,
LRP5,['LRP5'],,,,,,,,,,,,,,,,,,1.0,,,,,,,,,,,,,,,,,,,,,,,,,,,,1.0,,,,,,,,,,,,,,,,,,,,,,,,,,,,,,,,,,,,,,,,,,,,,,,,,,,,,,,,1.0,,,,,,,,1.0,1.0,,,,,,,,,,,,,,,,,,,,,,,,,,,,,,,,,,,,,,,1.0,,,,,,,,,,,,,,,,,,,,,,1.0,,,,,,,,,,,,,,,,,,,,,,,,,,,,,,,,1.0,,,,,,,1.0,,,,,,,1.0,,,,,,,,,,,,,,,,,,,,,,,,1.0,,,,,,,,,,,,,,,,,,,,,,,,,,,,,,,,,,,,,,,,,,,,,,,,,,,,,,,1.0,,,,,,,,,,,,,,,1.0,,,,,,,,,,,,,,,,,,,,1.0,,,,,,,,,,,,,,,,,1.0,,,1.0,,,,,,,,,,,,,,,,,,,,1.0,,,,,,,,,,,,,,,,,,,,,,,,,,,,,,,,,,,,,,,,,,1.0,,,,,1.0,,,,,,,,,,,,,1.0,,,,,,,,,,,,,,,,,,1.0,,,,,,,,,,,,,,,,,,,,,,,,,,1.0,,,,1.0,,,,,,,,,,,,,,,,,,1.0,,,,,,,,,,,,,,,,,,,1.0,,,,1.0,,,,,,,,,,,,,,,,1.0,,,,,,,,,,,,,,,,,,,,,,,,,,,,,,1.0,,,,1.0,,,,,,,,,,,,,1.0,,,,1.0,,,,,,,,,,,,1.0,,,,,,,,,,,,,,,,,,,1.0,,,,,,,,,,,,,,,,,,,,,,,,,,,,,,,1.0,,,,,,,,,,,,,,,,,,,,,,,,,,,,,,,,,,,,,1.0,,,,,,,,,,,,,,,,,,,1.0,,,,,,,,,,,,,,,,,,,,1.0,,,,,,,,1.0,,,,,,,,,,,1.0,,,,,1.0,,,,,
MAP2K4,['MAP2K4'],,,,,0.0,,,,,,0.0,,0.0,,,,,,,0.0,,,,,,,,,,0.0,,,0.0,,,,,,,,,,,,,,,,,,,,,,,,,,,,0.0,,0.0,,,0.0,,,,,,,,,,,,,,,,0.0,,,,,,,,,,,,,,,,,,,,,,,,,,,,,,,,,,,,,,,,,,,,,,,,,,,0.0,,,,,,,,,,,,,,,,,,,,,,1.0,,,,,0.0,,,,,,,,,,,,,,,,,,,,,,,,,,,,,,,,,,,,,,,,,,,,,,,,,,,,,,,,,,,,,,,,,,,,,,,,,,,,,,,,,,,,,,,,,,,,,,,,,,,,,,,,,,,,,,,,,,,,,,0.0,,,,,,,,0.0,,,,,,,,,,,,,,,,,,,,,1.0,,,,,,,,,,,,,,,,,,,0.0,,,,,,,,,,,,,,,,,,,,,,,,,,,,,,,,,,,,,,,,,,,,,,,,,,,,,,,,,,,,,,,,,,,,,,,,,,,,,,,,,,,,,,,0.0,,,,,,,,,,,,,,,,,,,,,,,,,,,,,,,,,,,,,,,,,,,,,,,,,,,,,,,,,,,,,,,,,,,,,,,,,,,,,,,,,,,,,,,,,,,,,,,,0.0,,,,,,,,,,,,,,,,,,,,,,,,,,,,,,,,,,,,,,,,,,,,,,,,,,,,,,,,,,,,,,,,,,,,,,,,,,,,,,,,,,,,,,,,,,,,,0.0,,,,,,,,,,,,,,,,,,,0.0,,,,,,,,,,,,0.0,,,,,,,,,,,,,,,,,,,,,,,,,,,,,,,,,,,,,,,,,,,,,,,,0.0,,,,,,,,,,,,,,,,,,,,,,,,,,,,,,,,,0.0,,,,,,,,1.0,,,,,,,,,,,,,,,,,,,,,,,,,,,,,,,,,
MAP3K1,['MAP3K1'],,,,,,,,,,,,,,,,,,,,,,,,,,,,,,,,,,,,,,,,,,,0.0,,,,,,,,,,,,,,,,,,,,0.0,,0.0,,,,,,,,,,,,,,,,,,,,,,,,0.0,,,,,,,,,,,,,,,,,,,,,,,,,,,,,,,,,,,,,,,,,,,,,,,,,,,,,,,,,,,,,,,,,,,,,,,,,,,0.0,,,,,,,,,,,,,,,,,,,,,,,,,,,,,,,,0.0,,,,,,,,,,,,,,,,,,,,,,,,,,,,,,,,,,,,,,,,,,,,,,,,,,,,,,,,,,,,,,,,,,,,,,,,,,,,,,,,,,,,,,,,,,,,,,,,,,,,,,,,,,,,,,,,,,,,,,,,,,,,,,,,,,,,,,,,,,,,,,,,,,,,,,,,,,,,,,,,,,,,,,,,,,,,,,,,,,,,,,,,,,,,,,,,,,,,,,,,,,,,,,,,,,,,,,,,,,,,,,,,,,,,,,,,,,,,,,,,,,,,,,,,,,,,,,,,,,,,,,,,,,,,,,,,,,,,,,,,,,,,,,,,,,,1.0,,,0.0,,,1.0,,,,,,,,,,,,,,,,,,,,,,,,,,,,,,,,,,,,,,,,,,,,,,,,,,,,,,,,,,,,,,,,,,,,,,,,,,,,,,,,,,,,,,,,,,,,,,,,,,,,,,,,,,,,,,,,,,,,,,,,,,,,,,,,,,,,,,,,,,,,,,,,,,,,,,,,,,,,,,,,,,,,,,,,,,,,,,,,,,,,,,,,,,,,0.0,,,,,,,,,,,,,,,,,,,,,,,,,,,,,,,,,,,1.0,,,,,,1.0,,,,,,,,,,,,,,,,,,,,,,,,,,,,,,,,,
MAPK8,['MAPK8'],,,,,,,,,,,,,,,,,,,,,,,,,,,,,,,,,,,,,,,,,,,,,,,,,,,,,,,,,,,,,,,,,,,,,,,,,,,,,,,,,,,,,,,,,,,,,,,,,,,1.0,,,,,,,,,,,,,,,,,,,,,,,,,,,,,,,,,,,,,,,,,,,,,,,,,,,,,,,,,,,,,,,,,,,,,,,,,,,,,,,,,,,,,,,1.0,,,,,,,,,,,,,,,,,,,,,,,,,,,,,,,,,,,,,,,,,,,,,,,,,,,,,,,,,,,,,,,,,,,,,,,,,,,,,,,,,,,,,,,,,,,,,,,,,,,,,,,,,,,,,,,,,,,,,,,,,,,,,,,,,,,,,,,,,,,,,,,,,,,,,,,,,,,,,,,,,,,,,,,,,,,,,,,,,,,,,,,,,,,,,,,,,,,,,,,,,,,,,,,,,,,,,,,,,,,,,,,,,,,,,,,,,,,,,,,,,,,,,,,,,,,,,,,,,,,,,,,,,,,,,,,,,,,,,,,,,,,,,,,,,,,,,,,,,,,,,,,,,,,,,,,,,,,,,,,,,,,,,,,,,,,,,,,,,,,,,,,,,,,,,,,,,,,,,,,,,,,,,,,,,,,,,,,,,,,,,,,,,,,,,,,,,,,,,,,,,,,,1.0,,,,,,,,,,,,,,,,,,,,,,,,,,,,,,,,,,,,,,,,,,,,,,,,,,,,,,,,,,,,,,,,,,,,,,,,,,,,,,,,,,,,,,,,,,,,,,,,,,,,,,,,,,,,,,,,,,,,,,,,,,,,,,,,,,,,,,,,,,,,,,,,,,,,,,,,,,,,,,,,,,,,,
MDM2,['MDM2'],,,,,,,,,,,,,,,,,,,,,,,,,,,,,,,,,,,,,,,,,,,,,,,,,,1.0,,,,,,,,,,,,,,,,,,,,,,,,,1.0,,,,,,,,,,,,,,,,,,,,,,,,,,,,,,,,,1.0,,,,,,,,,,,,,,,,,,,,,,,,,,,,,,,,,,,,,,,,,,,,,,,,,,,,,,,,,,,,,,,,,,,,,,,,,,,,,,,,,,,,,,,,,,,,,,,,,,,,,,,,,,,,,,,,,,,,,,,,,1.0,,,,,,,,,,,,,,,,,,,,,,,,,,,,,,,,,,,,,,,,,,,,,,,,,,,,,,,,,,,,,,,,,,,1.0,,,,,,,,,,,,,,,,,1.0,,,,,,,1.0,,,,,,,,1.0,,1.0,,,,,,,,,,,,,,,,,,,,,,,,,,,,,,,,,,,,,,,,,,,,,,,,,,,,,,,,,,,,,,,,,,,,,,,,,,,,,,,,,,,,,,,,,,,,,,,,,,,,,,,,,1.0,,,,,,,,,,,,1.0,,,,,,,,,,,,1.0,,,,,,,,,,,,,,,,,,,,,,,,,,,,,,,,,,,,,,,,,,,,,,,,,,,,,,,,,,,,,,,,,,,,,,,,,,,,,,,,,,,,,,,,,,,,,,,,,,,,,,,,,,,,,,,,,,,,,,,,,,,,,,,,,,,,,,,,,,,,,,,,,,,,,,,,,,,,,,,,,,,,,,,,,,,,,,,,,,,,,,,,,,,,,,,,,1.0,,,,,,,,,,,,,,,,,,,,,,,,,,,,,,,,,,,1.0,,,,,,,,,,,,,,,,,,,,,,,,1.0,,,,,,,,,,,,,,,,,,,,,,,,,,,1.0,,,,,,,,,,,,,,,,,
MEK_f,"['MAP2K1', 'MAP2K2']",,,,,,,,,,,,,,,,,,,,,,,,,,,,,,,,,,,,,,,,,,,,,1.0,,,,,,,,,,,,,,,,,,,,,,,,,,,,,,,,,,,,,,,,,,,,,,,,,,,,,,,,,,,,,,,,,,,,,,,,,,,,,,,,,,,,,1.0,,,,,,,,,,,,,,,,,,,,,,,,,,,,,,,,,,,,,,,,,,,,,,,,,,,,,,,,,,,,,,,,,,,,,,,,,,,,,,,,,,,,,,,,,,,,,,,,,,,,,,,,,,,,,,,,,,,,,,,1.0,,,,,,,,,,,,,,,,,,,,,,,,,,,,,,,,,,,,,,,,,,,1.0,,,,,,,,,,,,,,,,,,,,,1.0,,,,,,,,,,,,,,,,1.0,,,,,,,,,,,,,,,,,,,,,1.0,,,,,,,,,,,,,,,,,,,,,,,,,,,,,,,,,,,,,,,,,,,,,1.0,,,,,,,,,,1.0,,,,,,,,,,,,,,,,,,,,,,,,,,,,,,,,,,,,,,,,,,,,,,,,,,,,,,1.0,,,,,,,,,,,,,,,,,,,,,,,,,,,,,,,,,,,,,,,,,,,,,,,,,,,,,,,,,,,,,,,,,,,,,,,,,,,,,,,,,,,,,,,,,,,,,,,,,,,,,,,,,,,,,,,,,,,,,,,,,,,,,,,,,,,,,,,,,,,,,,,,,,,,,,,,,,,,,,,,,1.0,,,,,,,,,,,,,,,,,,,,,,,,,,,,,,,,,,,,,,,,,,,,,,,,,,,,,,,,,,,,,,,,,,1.0,,,,,,,,,,,,,,,,,,,,,,,,,,,1.0,,,,,,,,,,,,,,1.0,,,1.0,,,,,,,,,,,,,,1.0,,,,,,,,,,,
MET,['MET'],,1.0,,,,,,,,,,,,,,1.0,,,,,,,,,,1.0,,,,,,,,,,,,,,,,,,,,,,,,,,,,,,,,,,,,,,,,,,,,,,,,,,,,,,,,,1.0,,,,,,,,,1.0,,1.0,,,,,,,1.0,,,,,,1.0,,,1.0,,,,,,,,,,,,,,,,,,,,,,1.0,,,,,,,1.0,,,,,,,0.0,,,,,,,,,,,,,,,,,,,,,,,,,,,,,,,,,,,,,,1.0,,,,,,,,,1.0,1.0,,,,,,,,,,,,,,,,,,,,,,,,,,,,,,,,,,,,,,,,0.0,,,,,,,,,,,,,,,,,,,,,,,,,,,,,,,,,,,,,,,,,,,,,,,,,,,,,,,,,,,,,,,,,,,,,,,,,,,,,,,,,,,,,,,,,,,,,,,,,,,,,,,,,,,,,,,,,,1.0,,,,1.0,,,,,,,,,,,,,,,,,,,,,,,,,1.0,,,,,,,,,,,,,,,,,,,,,,,,,,,,,,,,,,,,,,,,,,,,,,,,,,,,,,,,,,,,,,1.0,,,,,,,,1.0,,1.0,,,,,,,,,,,,,,,,,,,,,,,,,,,,,,,1.0,,,,,,,,,,,,,,,,,,,,,,,,,,,,,,,,,,,,,,,1.0,,,,,,,,,,,,,,,,,,,,,,,,,,,,,,,,1.0,,,,,,,,,,,,,,,,,,,,1.0,,,,,,,,,,,,,,,,,,,,,,,,,,,,1.0,,,,,,,,,,,,,,1.0,,,,,,,,,,,,,,,,,,,,1.0,,,,,,,,,,,,,,,,,,,1.0,,,,,,,,,,,,,,,,,,,,,,,,,,,,,,,,,,1.0,,,,,,,,,,,,,,,,,,,,,,,,,,,,,,,,,,,,,,,,,,,,,,,,,,,,,,,,1.0,,,,,,,,,1.0,,,,
MYC,['MYC'],1.0,1.0,1.0,1.0,,1.0,1.0,1.0,1.0,1.0,1.0,1.0,1.0,1.0,1.0,1.0,1.0,1.0,,1.0,1.0,1.0,1.0,1.0,1.0,1.0,1.0,1.0,1.0,1.0,1.0,1.0,1.0,1.0,1.0,1.0,1.0,1.0,1.0,1.0,1.0,1.0,1.0,1.0,1.0,1.0,1.0,1.0,,,1.0,1.0,1.0,1.0,1.0,,1.0,1.0,1.0,1.0,1.0,1.0,1.0,1.0,1.0,1.0,1.0,1.0,1.0,1.0,1.0,1.0,1.0,1.0,1.0,1.0,1.0,1.0,1.0,1.0,,1.0,,1.0,1.0,1.0,1.0,1.0,1.0,,,1.0,1.0,1.0,1.0,1.0,1.0,1.0,1.0,1.0,1.0,1.0,1.0,1.0,1.0,1.0,1.0,1.0,1.0,,,1.0,,1.0,,1.0,1.0,1.0,1.0,1.0,1.0,1.0,1.0,1.0,1.0,1.0,1.0,1.0,1.0,1.0,1.0,1.0,1.0,1.0,1.0,1.0,1.0,1.0,1.0,1.0,1.0,1.0,1.0,1.0,1.0,,1.0,,1.0,1.0,1.0,1.0,1.0,1.0,1.0,,1.0,1.0,1.0,1.0,1.0,1.0,1.0,1.0,1.0,1.0,,1.0,1.0,1.0,1.0,1.0,1.0,1.0,1.0,1.0,1.0,1.0,1.0,1.0,1.0,,1.0,1.0,1.0,1.0,1.0,1.0,1.0,1.0,1.0,1.0,1.0,1.0,1.0,1.0,1.0,1.0,1.0,1.0,1.0,1.0,1.0,1.0,1.0,1.0,1.0,1.0,1.0,1.0,1.0,1.0,1.0,1.0,1.0,1.0,,1.0,1.0,1.0,1.0,1.0,1.0,1.0,1.0,1.0,1.0,1.0,1.0,,1.0,1.0,1.0,1.0,1.0,1.0,1.0,1.0,1.0,1.0,1.0,1.0,1.0,1.0,1.0,1.0,1.0,1.0,1.0,1.0,1.0,,1.0,1.0,1.0,1.0,1.0,1.0,1.0,1.0,1.0,1.0,1.0,1.0,1.0,1.0,1.0,1.0,1.0,1.0,1.0,1.0,1.0,1.0,1.0,1.0,1.0,1.0,1.0,1.0,1.0,1.0,1.0,1.0,1.0,1.0,1.0,1.0,1.0,1.0,1.0,1.0,1.0,1.0,1.0,1.0,1.0,1.0,1.0,1.0,1.0,1.0,,1.0,1.0,1.0,1.0,1.0,1.0,1.0,,1.0,1.0,1.0,1.0,1.0,1.0,1.0,1.0,1.0,1.0,1.0,1.0,1.0,1.0,1.0,1.0,1.0,1.0,1.0,1.0,,1.0,1.0,1.0,1.0,1.0,1.0,1.0,1.0,1.0,1.0,1.0,1.0,1.0,,1.0,1.0,1.0,1.0,,1.0,1.0,1.0,1.0,1.0,1.0,1.0,1.0,1.0,1.0,1.0,1.0,,1.0,1.0,1.0,1.0,,1.0,1.0,1.0,1.0,1.0,1.0,,1.0,1.0,1.0,1.0,1.0,1.0,1.0,1.0,1.0,1.0,1.0,1.0,1.0,1.0,1.0,1.0,1.0,1.0,1.0,1.0,1.0,1.0,1.0,1.0,1.0,1.0,1.0,1.0,1.0,1.0,1.0,1.0,1.0,1.0,1.0,1.0,1.0,1.0,1.0,1.0,1.0,1.0,1.0,1.0,,1.0,1.0,1.0,1.0,1.0,1.0,1.0,1.0,1.0,1.0,1.0,,1.0,1.0,1.0,1.0,1.0,1.0,1.0,1.0,1.0,1.0,1.0,1.0,1.0,1.0,1.0,1.0,1.0,1.0,1.0,1.0,1.0,1.0,1.0,,1.0,1.0,1.0,,1.0,1.0,1.0,,,1.0,1.0,1.0,1.0,1.0,1.0,1.0,1.0,1.0,1.0,1.0,,1.0,1.0,1.0,1.0,1.0,,1.0,1.0,1.0,1.0,1.0,1.0,1.0,1.0,1.0,1.0,,1.0,1.0,1.0,1.0,1.0,1.0,1.0,1.0,1.0,1.0,1.0,1.0,1.0,1.0,1.0,1.0,,1.0,1.0,1.0,1.0,1.0,1.0,1.0,1.0,1.0,1.0,1.0,1.0,1.0,1.0,1.0,1.0,1.0,1.0,1.0,1.0,1.0,1.0,,,1.0,1.0,1.0,1.0,1.0,1.0,1.0,1.0,1.0,1.0,1.0,1.0,1.0,1.0,1.0,1.0,1.0,1.0,1.0,1.0,1.0,1.0,1.0,1.0,1.0,1.0,1.0,1.0,1.0,,,1.0,1.0,1.0,1.0,1.0,1.0,,1.0,1.0,1.0,,1.0,1.0,1.0,1.0,1.0,1.0,1.0,1.0,,1.0,1.0,,1.0,1.0,1.0,1.0,1.0,1.0,1.0,1.0,1.0,1.0,1.0,1.0,,1.0,1.0,1.0,1.0,1.0,1.0,1.0,1.0,1.0,1.0,1.0,1.0,1.0,1.0,1.0,1.0,1.0,1.0,1.0,1.0,1.0,1.0,1.0,,1.0,1.0,1.0,1.0,1.0,1.0,1.0,1.0,1.0,1.0,1.0,1.0,1.0,1.0,1.0,1.0,1.0,1.0,1.0,1.0,1.0,1.0,1.0,1.0,1.0,1.0,1.0,1.0,1.0,1.0,1.0,1.0,1.0,1.0,1.0,1.0,1.0,1.0,1.0,1.0,1.0,1.0,1.0,1.0,1.0,,1.0,1.0,1.0,1.0,1.0,1.0,,1.0,1.0,1.0,1.0,1.0,1.0,1.0,1.0,1.0,1.0,1.0,1.0,1.0,1.0,1.0,1.0,1.0,1.0,1.0,1.0,1.0,1.0,1.0,1.0,1.0,1.0,1.0,1.0,1.0,1.0,1.0,1.0,1.0,1.0,1.0,1.0,1.0,1.0,1.0,,1.0,1.0,1.0,1.0,1.0,1.0,1.0,1.0,1.0,1.0,1.0,1.0,1.0,1.0,1.0,1.0,1.0,1.0,1.0,1.0,1.0,1.0,1.0,1.0,1.0,1.0,1.0,1.0,1.0,1.0,1.0,1.0,1.0,1.0,
PIK3CA,['PIK3CA'],,,,,,,,,1.0,,1.0,,,,,,,,,,1.0,,,,,,1.0,,,,1.0,,1.0,1.0,,,,,1.0,,,,,,,,,,,,1.0,,,,1.0,,,1.0,,,,1.0,,,1.0,,,,1.0,1.0,,,,,,,,1.0,1.0,,,,,1.0,,,,,,,,,,,,1.0,,,,,,1.0,,,,1.0,,,,1.0,,1.0,1.0,,,,,,1.0,,,,,,,,,,,,,,,,,,,,,,,,,,,,,,1.0,1.0,,,,,,,,1.0,,,1.0,,,,,,,1.0,,,,1.0,,,1.0,,,1.0,1.0,,,,,,,,,1.0,1.0,,,,,,,1.0,1.0,,,,1.0,,1.0,,,,1.0,,,,,,,,,,,,,,,1.0,,,,,,,,,,,,1.0,,,,,,,,,,,,,,,,,1.0,,,,,,,,,,,,,,,,1.0,,,,,,,,,,,,,,,1.0,,,,1.0,1.0,,,,,,,,,,1.0,,,,,,1.0,,,1.0,,,,,,,1.0,1.0,,,,,,1.0,,,1.0,,,,,1.0,,,,,,,,,,,,,1.0,,,,,,,,,,1.0,,,,,,,,,,,1.0,,,,,,,,,,,,,,1.0,,,,,,,1.0,,1.0,,,,,,,,,,,,,,,,,,,,,,,,,,1.0,,1.0,,,,,,,1.0,,,1.0,,,,,,,,1.0,,1.0,1.0,,,,,,,,,,,,,,,1.0,,,,,,1.0,,,,,,,,,,,,,,,,,,,,,,,,,,,,,,,,,,,1.0,,,,,,,,,,1.0,,,,1.0,,,,,1.0,,,,,1.0,1.0,1.0,,,,,,,,,,,1.0,,,1.0,,,,,,,1.0,,,,1.0,,1.0,,,,,1.0,,,,1.0,,,,1.0,,,,,,,,,,,,,,,,,1.0,,1.0,,1.0,,,,,1.0,,,,,,1.0,,,,,,1.0,,,,1.0,,,,,,,,,,,,,,,,,,,,1.0,1.0,,,,1.0,,1.0,,,,,1.0,,,1.0,1.0,,1.0,,,1.0,,,,,,,,,,,,1.0,,,1.0,,,,,,,,,,,,,,,,,,,,,,,,1.0,,,,,,,,,,,,,,,,,,,,,1.0,,1.0,,,,,1.0,,,,,,,1.0,,,,,1.0,,,,,,,,,,,,,,,,,1.0,,,,,,,,,1.0,,,,,,,,1.0,,,1.0
PORCN,['PORCN'],,,,,,,,,,,,,,,,,,,,,,,,,,,1.0,,,,,,,,,,,,,,,,,,,,,,,,,,,,,,,,,,,,,,,,,,,,,,,,,,,,,,,,,,,,,,,,,,,,,,,,,,,,,,,,,,,,,,,,,,,,,,,,,,,,,,,,,,,1.0,,,,,,,,,,,,,,1.0,,,,,,,,,,,,,,,,,,,,,,,,,,,,,,,1.0,,,,,,,,,,,,,,,,,,,,,,,,,,,,,,,,,,,,,,,,,,,,,,,,,,,,,,,,,,1.0,,,,,,,,,,,,,,,,,,,,,,,,,,,,,,,,,,,,,,,,,,,,,,,,,,,,,,,,,,,,,,,,,,,,,,,,,,,,,,,,,,,,,,,,,,,,,,,1.0,,,,,,,,,,,,,,,,,,,,,,,,,,,,,,,,,,,,,,,,,,,,,,,,,,,,,,,,,,,,,,,,,,,,,,,,,,,,,,,,,,,,,,,,,,,,,,,,,,,,,,,,,,,,,,,,,,,,,,,,,,,,,,,,,,,,,,,,,,,,,,,,,,,,,,,,,,,,,,,,,,,,,,,,,,,,,,,,,,,,,,,,,,,,,,,,,,,,,,,,,,,,,,,1.0,,,,,,,,,,,,,,,,,,,,,,,,,,,,,,,,,,,,,,,,,,,,,,,,,,,,,,,,,,,,,,,,,,,,,,,,,,,,,,,,,,,,,,,,,,,,,,,,,,,,,,,,,,,,,,,,,,,,,,,,,,,,,,,,,,,,,,,,,,,,,,,,,,,,,,,,,,,,,,,,,,,,,,,,,,,,,,,,,,,,,,,,,,,,,,,,,,,,,,,,,,,,,,,,,,,,,,,,
PTEN,['PTEN'],,0.0,,,,,,,,,0.0,,0.0,,,,,,,,,,,,,0.0,,,,,,,,,0.0,,0.0,,,,0.0,,,,,,,,,,,,,,,,,,,,,0.0,0.0,,0.0,,,,,,,,,,,,,,,,,0.0,,,,0.0,0.0,,,,,,,0.0,,0.0,,,,0.0,,,,0.0,,,,,,,,,,,0.0,,,,,,,,,,,,0.0,,,0.0,,,,,,0.0,,,0.0,,0.0,,,,,,,,,,,,0.0,,,,,,,,,,,,,,0.0,,0.0,,,,,,,,,,,,0.0,,,,,0.0,,,,,,,,,,,,,,,,,,,,,,,0.0,,,,,,,,,,,,,,,,,,,,,,,,,,,,,,0.0,,,,,,,,,0.0,0.0,0.0,,,,,,,,,,,,,,,,,,,,,,,,,,,,,,,,,,,,,,,,0.0,,,,,,,0.0,,,,,,,,,0.0,,,,,0.0,0.0,,0.0,,,,,0.0,0.0,,,0.0,0.0,,,,,0.0,,,,0.0,,,,,,,,,,,0.0,,,,,,0.0,,,,0.0,,,,,,0.0,,,,,0.0,,,,,,,,,,,,,,,,,,,,0.0,,,,0.0,,,,,,,,,,,,,,,,,,,,,,,,,,,,,0.0,,,,,,0.0,,,,,,,,,,0.0,,,,,0.0,,,,0.0,,,,,,,,,,,,,,,,,,,0.0,,0.0,,,,,,,,,,,,0.0,,,,,,,,,0.0,,0.0,,,0.0,,,,,,,,,,,,,,,0.0,,,,,,0.0,,,,,,,,,,,,,,0.0,0.0,0.0,,,,,,,,,,,,,,,0.0,,,,,0.0,,0.0,,,,,,0.0,,,0.0,,0.0,,,,,,,,,,,0.0,,,,,,,,0.0,,,,,,,,,,0.0,,,,,,,,,,,,,,,,,,,,,,,,0.0,,0.0,,,,,,0.0,,,,,,,,0.0,,,,,,,,,,,,,0.0,,,0.0,,,,,,,,0.0,,,,,,,0.0,,,,,,,,,,,,0.0,,,,,,,,,0.0,,,,,,,,,,,,,,,,,0.0,0.0,,,0.0,,,,,,,0.0,,,,0.0,,,,,,,,,,,,,,0.0,,,,,,,,0.0,,,,0.0,,,0.0,,,,,,,,,,,,0.0,
Proliferation,['Proliferation'],,,,,,,,,,,,,,,,,,,,,,,,,,,,,,,,,,,,,,,,,,,,,,,,,,,,,,,,,,,,,,,,,,,,,,,,,,,,,,,,,,,,,,,,,,,,,,,,,,,,,,,,,,,,,,,,,,,,,,,,,,,,,,,,,,,,,,,,,,,,,,,,,,,,,,,,,,,,,,,,,,,,,,,,,,,,,,,,,,,,,,,,,,,,,,,,,,,,,,,,,,,,,,,,,,,,,,,,,,,,,,,,,,,,,,,,,,,,,,,,,,,,,,,,,,,,,,,,,,,,,,,,,,,,,,,,,,,,,,,,,,,,,,,,,,,,,,,,,,,,,,,,,,,,,,,,,,,,,,,,,,,,,,,,,,,,,,,,,,,,,,,,,,,,,,,,,,,,,,,,,,,,,,,,,,,,,,,,,,,,,,,,,,,,,,,,,,,,,,,,,,,,,,,,,,,,,,,,,,,,,,,,,,,,,,,,,,,,,,,,,,,,,,,,,,,,,,,,,,,,,,,,,,,,,,,,,,,,,,,,,,,,,,,,,,,,,,,,,,,,,,,,,,,,,,,,,,,,,,,,,,,,,,,,,,,,,,,,,,,,,,,,,,,,,,,,,,,,,,,,,,,,,,,,,,,,,,,,,,,,,,,,,,,,,,,,,,,,,,,,,,,,,,,,,,,,,,,,,,,,,,,,,,,,,,,,,,,,,,,,,,,,,,,,,,,,,,,,,,,,,,,,,,,,,,,,,,,,,,,,,,,,,,,,,,,,,,,,,,,,,,,,,,,,,,,,,,,,,,,,,,,,,,,,,,,,,,,,,,,,,,,,,,,,,,,,,,,
RB1,['RB1'],,,,,,,,,,,,1.0,,,,,,,0.0,,,,,,,,,,,,,,,,,,,,,,,,0.0,,,,,,,,0.0,,,0.0,,,1.0,,,,,,0.0,,,,1.0,,,,,,,1.0,,,,,,,,,,,,,,,,,,,,,,,,,,,,,,0.0,,,,,,,,,,,,,,,,,,,,,,,,,,,,,0.0,,,,,,,,,,,,,,,0.0,,,,,0.0,,,,0.0,,0.0,0.0,,,,,,,,,,,,,,0.0,,,,,,,,,,,,,,,,,0.0,,,,,,,,0.0,,,,0.0,,,,0.0,,0.0,,,,,,,,,,0.0,,,,1.0,,,,,,,,,,0.0,0.0,,,,,,,,,,,,,,0.0,0.0,,,,,,,,,0.0,,,,,,,,,,,,0.0,,,,,,,,,,,0.0,,,,0.0,,,,0.0,,,,0.0,,0.0,,,,0.0,,,0.0,,,,,,,,,,,,,,,,,,,,0.0,,,,,,,,,,,0.0,,0.0,,,,,,,,,,,,,,0.0,,,,0.0,0.0,,,,,,,,,,,,,,0.0,,,,,,,,,,,,,,,,0.0,0.0,,,,,,,,,,,,0.0,,,,,,,,,,,,,0.0,,,,,,,,,,,,,0.0,0.0,,,,,,,0.0,,,,,,,,,,,,0.0,0.0,,,,,,,,,,,,,,,,0.0,,0.0,0.0,,,,0.0,,,,0.0,,,,,,0.0,,,,,,,,,,,,,0.0,,,,,,,,,,,0.0,0.0,,,,,0.0,,,,,,,,,,,,,,,,,0.0,,0.0,,,0.0,,,,,,,,,0.0,,,,,,,,,0.0,,,,,,,,,,,,,,,,,,,,,,,,,,0.0,,,,,,0.0,,,,,1.0,,,,,,,,,,,,,,,,,,,,,0.0,,,,,,,,1.0,,,,,,,1.0,,,,,,,,0.0,,,,,,,,,,,,,,0.0,,,,0.0,0.0,0.0,,,,,,0.0,,,,,,,,,,,,0.0,,,,,,,,,,,,,,,,,0.0,,,,,,,,,0.0,,,,,0.0,0.0,0.0,,1.0,,,,,,0.0,,,,1.0,,0.0,,,,,,,,0.0,0.0,,,,,,,,,,,1.0,,,,,,,0.0,,,,,,,,,,,,,,,
RPS6K_f,['RPS6K_f'],,,,,,,,,,,,,,,,,,,,,,,,,,,,,,,,,,,,,,,,,,,,,,,,,,,,,,,,,,,,,,,,,,,,,,,,,,,,,,,,,,,,,,,,,,,,,,,,,,,,,,,,,,,,,,,,,,,,,,,,,,,,,,,,,,,,,,,,,,,,,,,,,,,,,,,,,,,,,,,,,,,,,,,,,,,,,,,,,,,,,,,,,,,,,,,,,,,,,,,,,,,,,,,,,,,,,,,,,,,,,,,,,,,,,,,,,,,,,,,,,,,,,,,,,,,,,,,,,,,,,,,,,,,,,,,,,,,,,,,,,,,,,,,,,,,,,,,,,,,,,,,,,,,,,,,,,,,,,,,,,,,,,,,,,,,,,,,,,,,,,,,,,,,,,,,,,,,,,,,,,,,,,,,,,,,,,,,,,,,,,,,,,,,,,,,,,,,,,,,,,,,,,,,,,,,,,,,,,,,,,,,,,,,,,,,,,,,,,,,,,,,,,,,,,,,,,,,,,,,,,,,,,,,,,,,,,,,,,,,,,,,,,,,,,,,,,,,,,,,,,,,,,,,,,,,,,,,,,,,,,,,,,,,,,,,,,,,,,,,,,,,,,,,,,,,,,,,,,,,,,,,,,,,,,,,,,,,,,,,,,,,,,,,,,,,,,,,,,,,,,,,,,,,,,,,,,,,,,,,,,,,,,,,,,,,,,,,,,,,,,,,,,,,,,,,,,,,,,,,,,,,,,,,,,,,,,,,,,,,,,,,,,,,,,,,,,,,,,,,,,,,,,,,,,,,,,,,,,,,,,,,,,,,,,,,,,,,,,,,,,,,,,,,,,,,,,,,
SMAD3,['SMAD3'],,,,,,,1.0,,,,,1.0,,,,1.0,,,,,,,,,,1.0,,1.0,,,,,,,1.0,,1.0,,1.0,,,1.0,,,1.0,,,,,,1.0,,1.0,,,,1.0,,,,,,,,,1.0,,,,,,1.0,,,1.0,1.0,,1.0,,,,,,,,,1.0,,,,,,,,1.0,,,,,,,,,,,,,,,,,,,,1.0,,1.0,1.0,,,,1.0,,,,,,,1.0,,,,,,,,,1.0,1.0,1.0,,,1.0,,,,1.0,,,,,,,1.0,,,1.0,1.0,1.0,,,1.0,,,,1.0,,,,,,,,,,1.0,,,,,,,1.0,,,,1.0,,1.0,,1.0,,,,1.0,,,,,,1.0,,,,,,,,,,,,,,1.0,,,,,,1.0,,,,1.0,,,,,,,,,1.0,,1.0,,,,,,,,,,1.0,,,1.0,,,,,,,,,,,,,,,,1.0,,,,,,,1.0,1.0,,,,,,,1.0,,,1.0,,,,,,,,1.0,,1.0,,,,,,,1.0,,,,,,,1.0,,,,,,1.0,1.0,,,,1.0,1.0,1.0,,,,,,1.0,1.0,,,,,,1.0,,,,,1.0,,,,,,1.0,1.0,,,1.0,,0.0,,,,1.0,,,1.0,,,,,,,,1.0,,,,,,1.0,1.0,,,,,,,,,,,,,,,,,,,1.0,,,,1.0,,,,,,1.0,1.0,,,,,,,,,,,,1.0,,,,,,,,,,,,,,,1.0,1.0,,,,,,1.0,1.0,1.0,1.0,,,,1.0,1.0,,,,,,1.0,1.0,1.0,,,,1.0,,,1.0,,,1.0,,1.0,,,1.0,1.0,,,1.0,,,,1.0,,,,,,,,,,,,,,,1.0,,,,,,1.0,1.0,,1.0,,,,,1.0,,,,,,,,,1.0,,,,,,1.0,,,,,,,1.0,,1.0,,,1.0,,,,,,,1.0,,,,,,,,,,,,,,,,,1.0,,,1.0,1.0,1.0,,1.0,,,1.0,,,,,1.0,1.0,,,,,,,,,,,,1.0,1.0,,,,,1.0,,,,,,,1.0,,,,1.0,,,,,,,,,,,,,,,,,,,,,,,,,,,,,1.0,,,,,,,,,1.0,1.0,,,1.0,,,,,,,,,,,1.0,1.0,,,,,1.0,1.0,,,,,,,,,,,,,,1.0,,1.0,,1.0,,,,1.0,,,,,1.0,,,,,,,,,,,,,,,1.0,,1.0,1.0,,,,1.0,1.0,,,,,,,,1.0,,,,,,1.0,,,,,1.0,,,,,,,,,1.0,,,,1.0,,,,,,,,,1.0,,,,
STAT3,['STAT3'],,,,,,,1.0,,,,,,,,,1.0,1.0,1.0,,,,,,1.0,,1.0,,1.0,,,,1.0,,,1.0,,1.0,1.0,1.0,,,1.0,,,1.0,1.0,,1.0,,,1.0,,1.0,,,,1.0,,,,,1.0,,,,,,1.0,,,,1.0,,1.0,1.0,1.0,,1.0,1.0,,,0.0,,,,,1.0,,,,,1.0,,,,,1.0,,,,,,,1.0,,1.0,1.0,1.0,1.0,,,,,1.0,0.0,1.0,1.0,1.0,,,,,,1.0,,,,,1.0,,,,1.0,1.0,1.0,,,1.0,1.0,1.0,1.0,1.0,1.0,,,,1.0,,0.0,,,,1.0,1.0,1.0,,1.0,1.0,1.0,,,1.0,,,,1.0,,,,,,1.0,1.0,,,1.0,,,1.0,,,,1.0,,,0.0,1.0,,1.0,,1.0,1.0,1.0,,1.0,,,,,,1.0,,,,,,,,,,,,,,,1.0,,,,1.0,1.0,,,,1.0,,,1.0,,,,,,1.0,,,,,,,,,,,,1.0,,1.0,1.0,,,,,,1.0,1.0,,1.0,,,,1.0,,,1.0,1.0,1.0,1.0,,,1.0,1.0,1.0,,,,,1.0,1.0,1.0,,,1.0,,,,1.0,,,,1.0,1.0,1.0,1.0,,,,1.0,1.0,1.0,,1.0,,,,1.0,1.0,1.0,,,,,1.0,1.0,,,,1.0,1.0,1.0,1.0,,,,,1.0,1.0,1.0,,1.0,,,1.0,,,,,1.0,,1.0,,,,1.0,1.0,,,,,1.0,,,,1.0,,,,,,,,1.0,1.0,,1.0,1.0,1.0,,,,1.0,1.0,1.0,1.0,,,,,,,,,,1.0,,1.0,,,,,1.0,,,,,,,,,,0.0,1.0,,,,1.0,,,,,,,1.0,1.0,,,,,,1.0,,,,,,,,,1.0,1.0,,,,,,1.0,1.0,1.0,1.0,,,,1.0,1.0,,,,,,,1.0,1.0,1.0,,,1.0,,,,,,1.0,,1.0,,,,1.0,,,1.0,,,,1.0,,,,,1.0,1.0,1.0,,,,,1.0,1.0,,1.0,,1.0,,1.0,,1.0,1.0,,1.0,,,,,1.0,1.0,,1.0,1.0,,1.0,1.0,,1.0,,,,1.0,,1.0,,,,1.0,1.0,,,,,1.0,0.0,1.0,,,,,,,,1.0,,,1.0,,,1.0,1.0,,,1.0,,,,1.0,,1.0,,1.0,1.0,,1.0,,1.0,,,1.0,,,1.0,1.0,1.0,1.0,,,,,,1.0,,,1.0,,,1.0,1.0,,,,1.0,1.0,,,1.0,,,,1.0,,,,1.0,,1.0,,1.0,,,,1.0,,,1.0,,1.0,,,1.0,,,,,1.0,1.0,,,,,,,1.0,,1.0,1.0,,,,,1.0,1.0,1.0,1.0,,1.0,1.0,,,,,,,1.0,1.0,1.0,,,,,,,1.0,1.0,,,1.0,1.0,,,,,,,,,,1.0,,1.0,,1.0,,,,1.0,,,,,1.0,,,,,,,1.0,,,,,1.0,,,1.0,,1.0,1.0,,1.0,,1.0,,1.0,,,,,,,1.0,1.0,,1.0,1.0,1.0,1.0,,,,,1.0,,,,,,,1.0,,,1.0,,,1.0,1.0,,,,,,,,1.0,1.0,,,
TP53,['TP53'],1.0,1.0,1.0,0.0,0.0,0.0,1.0,0.0,0.0,0.0,1.0,1.0,0.0,0.0,0.0,0.0,1.0,0.0,0.0,,,,,1.0,1.0,1.0,0.0,1.0,0.0,0.0,0.0,1.0,0.0,0.0,0.0,0.0,0.0,0.0,1.0,0.0,0.0,1.0,1.0,0.0,0.0,0.0,,0.0,,0.0,0.0,0.0,1.0,0.0,0.0,0.0,1.0,0.0,,0.0,0.0,0.0,0.0,0.0,0.0,0.0,0.0,0.0,1.0,0.0,1.0,1.0,0.0,1.0,1.0,1.0,0.0,1.0,0.0,0.0,,0.0,0.0,1.0,0.0,0.0,1.0,1.0,1.0,0.0,0.0,0.0,0.0,0.0,1.0,0.0,,,0.0,0.0,0.0,0.0,1.0,0.0,1.0,1.0,0.0,1.0,0.0,0.0,0.0,0.0,,0.0,0.0,0.0,1.0,0.0,0.0,1.0,1.0,1.0,0.0,0.0,1.0,0.0,0.0,1.0,0.0,0.0,0.0,0.0,1.0,1.0,1.0,0.0,,1.0,1.0,0.0,0.0,1.0,0.0,1.0,0.0,0.0,1.0,,0.0,0.0,0.0,1.0,0.0,1.0,0.0,0.0,0.0,0.0,0.0,,0.0,1.0,0.0,0.0,1.0,0.0,,0.0,1.0,0.0,0.0,0.0,1.0,0.0,0.0,0.0,0.0,0.0,0.0,0.0,0.0,0.0,1.0,0.0,,0.0,1.0,0.0,1.0,,0.0,1.0,1.0,0.0,,0.0,0.0,0.0,0.0,0.0,0.0,,0.0,0.0,1.0,1.0,0.0,0.0,0.0,0.0,0.0,0.0,1.0,0.0,1.0,1.0,,0.0,0.0,0.0,1.0,0.0,0.0,0.0,0.0,0.0,1.0,1.0,0.0,0.0,1.0,0.0,0.0,0.0,,0.0,0.0,0.0,0.0,0.0,0.0,,1.0,0.0,1.0,1.0,0.0,0.0,0.0,0.0,0.0,0.0,0.0,1.0,1.0,0.0,1.0,0.0,1.0,0.0,0.0,0.0,0.0,1.0,0.0,0.0,1.0,0.0,1.0,0.0,0.0,0.0,0.0,0.0,0.0,0.0,0.0,0.0,0.0,1.0,0.0,1.0,0.0,0.0,0.0,0.0,0.0,0.0,0.0,0.0,0.0,1.0,0.0,1.0,0.0,0.0,0.0,1.0,0.0,0.0,1.0,0.0,0.0,0.0,0.0,1.0,0.0,0.0,0.0,1.0,,0.0,0.0,1.0,1.0,0.0,0.0,0.0,0.0,1.0,0.0,0.0,0.0,0.0,1.0,0.0,0.0,1.0,0.0,1.0,0.0,0.0,0.0,1.0,0.0,1.0,1.0,0.0,1.0,0.0,1.0,0.0,0.0,1.0,1.0,0.0,1.0,0.0,0.0,0.0,,0.0,0.0,0.0,0.0,0.0,0.0,0.0,0.0,1.0,1.0,1.0,1.0,0.0,0.0,0.0,1.0,1.0,,1.0,0.0,0.0,0.0,0.0,0.0,0.0,0.0,0.0,1.0,0.0,1.0,1.0,1.0,0.0,0.0,0.0,0.0,0.0,0.0,0.0,0.0,1.0,0.0,,0.0,0.0,0.0,0.0,0.0,0.0,0.0,0.0,0.0,0.0,0.0,0.0,1.0,0.0,0.0,0.0,0.0,0.0,0.0,0.0,0.0,,0.0,0.0,1.0,1.0,,0.0,0.0,0.0,1.0,0.0,1.0,0.0,1.0,0.0,0.0,0.0,,0.0,,0.0,0.0,0.0,0.0,1.0,1.0,1.0,0.0,0.0,0.0,0.0,0.0,0.0,0.0,1.0,0.0,1.0,0.0,1.0,0.0,0.0,0.0,0.0,0.0,0.0,,0.0,0.0,0.0,0.0,,0.0,1.0,0.0,1.0,0.0,1.0,0.0,,1.0,0.0,0.0,0.0,0.0,0.0,1.0,1.0,0.0,0.0,0.0,0.0,0.0,0.0,0.0,0.0,0.0,0.0,0.0,0.0,,0.0,0.0,1.0,0.0,,0.0,0.0,1.0,1.0,0.0,1.0,1.0,1.0,0.0,0.0,0.0,0.0,1.0,0.0,1.0,0.0,0.0,1.0,0.0,0.0,0.0,1.0,1.0,0.0,,0.0,1.0,0.0,1.0,0.0,0.0,0.0,1.0,1.0,0.0,0.0,0.0,0.0,0.0,0.0,0.0,0.0,0.0,,1.0,0.0,0.0,0.0,1.0,1.0,1.0,1.0,0.0,1.0,0.0,0.0,1.0,1.0,1.0,0.0,0.0,1.0,0.0,1.0,1.0,0.0,0.0,1.0,0.0,0.0,0.0,0.0,0.0,,0.0,,0.0,0.0,,0.0,0.0,1.0,0.0,0.0,,0.0,0.0,0.0,0.0,0.0,,0.0,0.0,0.0,0.0,1.0,1.0,0.0,0.0,0.0,,0.0,,0.0,0.0,0.0,0.0,0.0,0.0,0.0,1.0,0.0,0.0,,0.0,0.0,0.0,0.0,0.0,0.0,1.0,1.0,,0.0,0.0,0.0,0.0,0.0,0.0,1.0,,0.0,0.0,0.0,0.0,0.0,0.0,1.0,0.0,0.0,0.0,0.0,0.0,1.0,0.0,1.0,0.0,,1.0,1.0,0.0,0.0,0.0,1.0,0.0,0.0,0.0,0.0,0.0,0.0,0.0,0.0,0.0,0.0,0.0,0.0,1.0,0.0,0.0,0.0,0.0,1.0,0.0,0.0,1.0,1.0,0.0,0.0,0.0,,0.0,1.0,0.0,0.0,1.0,,1.0,1.0,1.0,0.0,0.0,0.0,0.0,1.0,0.0,1.0,0.0,0.0,0.0,0.0,0.0,0.0,0.0,0.0,0.0,0.0,0.0,0.0,0.0,0.0,1.0,0.0,0.0,0.0,0.0,0.0,1.0,0.0,0.0,,0.0,0.0,1.0,0.0,0.0,,0.0,0.0,1.0,1.0,0.0,1.0,0.0,,0.0,1.0,0.0,1.0,0.0,0.0,0.0,0.0,0.0,1.0,0.0,1.0,1.0,0.0,0.0,0.0,1.0,0.0,,0.0,0.0
XIAP,['XIAP'],,,,,,,,,,,,,,,,,,,,,,,,,,,,,,,,,,,,,1.0,,,,,,,,,,,,,,,,,,,,,,,,,,,,,,,,,,,,,,,,,,,,,,,,1.0,,,,,,,,,,,,,,,,,1.0,,,,,,,,,,,,,,,,,,,,,,,,,,,,,,,,,,,,,,,,,,,,,,,,,,,,,,,,,,,,,,,,1.0,,,,,,,,,,,,,,,,,,,,,,,,,,,,,,,,,,,,,,,,,,,,,,,,,,,,,,,,,,,,,,,1.0,,,,,,,,,,1.0,,,,,,,,,,,,,,,,,,,,,,,,,,,,,,,,,,,,,,,,,,,,,,,,,,,,,,,,,,,,,,,,,,,,,,,,,,,,,,,,,,,,,,,,,,,,,,,,,,,,,,,,,,,,,,,,,,,,,,,,,,,,,,,,,,,,,,,,,,,,,,,,,,,,,,,,,,,,,,,,,,,,,,,,,,,,,,,,,,,,,,,,,,,,,,,,,,,,,,,,1.0,,,,1.0,,,,,,,,,,,,,,,,,,,,,,,,,,,,,,,,,,,,,,,,,,,,,,,,,,,,,,,,,,,,,,,,,,,,,,,,,,,,,,,,,,,,,,,,,,,,,,,,,,,,,,,,,,,,,,,,,,,,,,,,,,,,,,,,,,,,1.0,,,,,,,,,,,,,,,,,,,,,,,,,,,,,,,,,,,,,,,,,,,,,,,,,,,,,,,,,,,,,,,,,,,,,,,,,,,,,,,,,,,,,,,,,,,,,,,,,,,,,,,,,,,,,,,,,,,,,,,,,,,,,,,,,,,,,,,,,,,,,,,,,,,,,1.0,,,,,,,,,,,,,,,,,,,,,,,,,,,,1.0,,,
mTOR_c1,"['AKT1S1', 'DEPTOR', 'MLST8', 'RPTOR', 'MTOR']",,,,,,,,,,,,,,,,,,,1.0,,,1.0,1.0,,,,1.0,,,,,1.0,,1.0,,,1.0,,1.0,,,1.0,,,,1.0,,,,,,,,,,,,,,1.0,1.0,1.0,,1.0,,,,,,,,,1.0,,,1.0,,,1.0,,,,,,,,,1.0,,,,,,1.0,,1.0,1.0,,,,,,1.0,,,1.0,1.0,,,,,1.0,,,,,1.0,,,,,,,,,,,,1.0,1.0,1.0,,,,1.0,,1.0,,,,,,,,1.0,,,,1.0,1.0,,,,1.0,1.0,,,1.0,,,1.0,,1.0,,1.0,,,,,,,,,1.0,1.0,,,1.0,,,1.0,,1.0,,,1.0,,,,,,,,1.0,,,,1.0,,,,,,,,,,,,,,,,,,,,,,,,,,,,,,,1.0,,,,,,,,,,,1.0,,,,,,,,,,,,,,,1.0,,,,,,,,,,,,,1.0,1.0,,,,,,,,1.0,,,,,,1.0,,,,,,,,,,,,,,,1.0,,1.0,,,,,,,,,,,,1.0,,,,,1.0,1.0,,,,,,,1.0,,,,,,,,,,,,,,,,,,,,,,,,1.0,,,,1.0,,,,,1.0,,,,,,,,1.0,,,,,1.0,,,,,,,1.0,,,,,,,,,,,,,,,,1.0,,,,,,1.0,,,,,1.0,,,,1.0,1.0,,,,,,,,1.0,,,,,,,,,1.0,,,,,,1.0,1.0,,,,,,1.0,,,,,,,,,1.0,,,,,1.0,,,,1.0,,,,,,,,,,,1.0,1.0,,,,,1.0,,,1.0,,,,,,,,,,,,,,,,,,,,1.0,,1.0,1.0,,,,,,,,,,,,,,,,,,,,,,,1.0,,,,,1.0,,,,,,,,1.0,,,1.0,,,,,,1.0,,1.0,,,,1.0,,1.0,,,,,,,,,,,,,,,,,1.0,1.0,,1.0,1.0,1.0,,,,,,1.0,,,1.0,,,,,,,,1.0,,,,,,,,,,,,1.0,,,,1.0,1.0,,,,,,,,,1.0,,,1.0,,,,,,,,,,,,,,1.0,,,,,,,,,,,,,,,,,,,,,,1.0,,,,,,,1.0,1.0,,,,1.0,,,,,,,,,,,,1.0,,,,,,,1.0,,,,,,,,,,,,,,,,,,,1.0,,,,,,1.0,1.0,,,,,,1.0,,,,1.0,1.0,,,,,,1.0,,,,,,1.0,,,,,,,,,,,,,,1.0,,,
mTOR_c2,"['EEF1A1', 'DEPTOR', 'MLST8', 'PRR5', 'RICTOR', 'MTOR']",,,,,,,,,,,,,,1.0,,,,,1.0,,,,1.0,,,,1.0,,1.0,,,1.0,,1.0,,,1.0,,1.0,,,1.0,1.0,,,1.0,,,1.0,,,,,1.0,,,,,,1.0,1.0,1.0,,1.0,,,,1.0,,,,,1.0,,,,,,1.0,,,,,,,,,1.0,,,,1.0,,1.0,,1.0,1.0,,1.0,,,,1.0,,,,1.0,1.0,,1.0,,1.0,,,,,1.0,,,,,,1.0,,,,,,,1.0,,,,,,,,,,,1.0,,,,1.0,,,,1.0,,,,,1.0,,1.0,,1.0,,,1.0,,1.0,,1.0,,,,,,,,,1.0,1.0,,,1.0,,,1.0,1.0,,,,1.0,,1.0,,,1.0,,,1.0,,,,1.0,,,,,,1.0,,,1.0,,,,,,,,,,1.0,,,,,,,,,1.0,,,1.0,,,,,1.0,,,,,,1.0,,,,,,,,1.0,,,,,,,,,,,,,,,,,,,,1.0,1.0,,,,,,0.0,,1.0,,,,,,,,1.0,,1.0,,,,,,1.0,,1.0,,,1.0,,,,,,,,,,,,,,1.0,,,,,1.0,1.0,,,,,,,1.0,,1.0,,,1.0,,1.0,,,,,,,,,,,,,,,,,1.0,,,,1.0,1.0,,,,1.0,,0.0,,,,,,1.0,,,,,1.0,,,,,,,,,,,,,1.0,,,,1.0,,,,,,1.0,,,,,1.0,,,,,,1.0,,,,1.0,1.0,,,,,,,,1.0,,1.0,,,,,,,,,,,,1.0,1.0,,,,,1.0,,1.0,,,,1.0,1.0,,,,1.0,,,1.0,,1.0,,1.0,,1.0,,,,,,,,,,,1.0,1.0,,,,,1.0,,,,,,,1.0,,,,,1.0,,,,,,1.0,1.0,,,,1.0,,1.0,1.0,,,,,,,,,,1.0,,,1.0,,,,,,,1.0,,,1.0,,,,,1.0,,,,1.0,,1.0,,1.0,,1.0,1.0,,,1.0,1.0,,1.0,,1.0,,,,1.0,,1.0,,1.0,,,,1.0,,,1.0,,,,,,,,1.0,1.0,,,1.0,,,,,,,1.0,,,1.0,,,,,,,,1.0,1.0,,,,,,,,,,1.0,,,,,1.0,1.0,,1.0,,,,,,,1.0,,,1.0,,,,,,1.0,,,,,,,,,,,,,1.0,,,,,1.0,1.0,,,,1.0,,,,,,1.0,1.0,,,,,,,,1.0,,,,1.0,,,,,,,,,,,,1.0,,,,,,,1.0,,,,,,,,1.0,,,,,,1.0,,,,1.0,1.0,,,,,,1.0,1.0,,,,,,1.0,1.0,,,1.0,,,,,,,1.0,,,,,,1.0,,,,,,,,,,,,,,1.0,,,
