Tissue,SIDM,cell_line_name
Lymphoid,SIDM01076,697
Skin,SIDM00801,A101D
Lymphoid,SIDM00495,A3-KAW
Lymphoid,SIDM00900,ARH-77
Pancreas,SIDM00899,ASPC-1
Lymphoid,SIDM00287,BALL-1
Head_neck,SIDM00174,BB49-HNC
PNS,SIDM01229,BE2-M17
Breast,SIDM00963,BT-474
Lymphoid,SIDM00907,CA46
Breast,SIDM00933,CAL-51
CNS,SIDM00867,DBTRG-05MG
Lymphoid,SIDM00948,DG-75
Lung,SIDM00523,DMS-53
Esophagus,SIDM00278,EC-GI-10
Esophagus,SIDM00538,ESO51
Lung,SIDM00101,NCI-H2591
Head_neck,SIDM00589,HSC-3
Bone,SIDM00584,HUO-3N1
Skin,SIDM01060,IGR-1
Stomach,SIDM00602,IM-95
PNS,SIDM00395,SIMA
Ovary,SIDM00968,HEY
Skin,SIDM00795,A375
Lung,SIDM00903,A549
Skin,SIDM00890,C32
Breast,SIDM00332,MFM-223
Bone,SIDM00386,MHH-ES-1
Lung,SIDM00237,PC-14
Large_intestine,SIDM00841,SW620
Large_intestine,SIDM00781,SNU-C2B
Bone,SIDM01191,U-2-OS
Large_intestine,SIDM00789,HCT-15
Large_intestine,SIDM00136,HT-29
Kidney,SIDM00125,786-0
Lymphoid,SIDM00211,ALL-PO
Thyroid,SIDM00491,ASH-3
Lymphoid,SIDM00233,ATN-1
Head_neck,SIDM00077,BICR10
Head_neck,SIDM00937,CAL-27
CNS,SIDM00212,CAS-1
Bone,SIDM00176,CHSA8926
Lymphoid,SIDM00951,CTV-1
Lymphoid,SIDM01048,EJM
Ovary,SIDM00861,ES-2
Head_neck,SIDM00860,FADU
PNS,SIDM00544,GOTO
Lymphoid,SIDM01251,H9
Cervix,SIDM00846,HELA
Liver,SIDM00586,HUH-1
Bladder,SIDM00693,J82
Lymphoid,SIDM01020,KMS-12-BM
Large_intestine,SIDM00527,MDST8
Lung,SIDM01120,NCI-H720
Large_intestine,SIDM00214,SNU-407
Lymphoid,SIDM00808,JIYOYEP-2003
CNS,SIDM00982,42-MG-BA
Breast,SIDM00893,BT-20
Skin,SIDM00140,COLO-792
Breast,SIDM00882,HCC1419
Breast,SIDM00881,HCC1428
Breast,SIDM00874,HCC1937
Large_intestine,SIDM00118,HCC2998
Pancreas,SIDM00533,HUP-T3
Ovary,SIDM00151,IGROV-1
Endometrium,SIDM00686,KLE
Lymphoid,SIDM00553,KY821
Esophagus,SIDM01031,KYSE-150
Breast,SIDM00148,MCF7
Large_intestine,SIDM00498,SNU-C5
Kidney,SIDM00856,G-401
Soft_tissue,SIDM00828,HT-1080
Head_neck,SIDM00350,SAT
Large_intestine,SIDM00826,COLO-205
Prostate,SIDM00964,BPH-1
PNS,SIDM00910,CHP-212
Lung,SIDM00512,COR-L23
Bone,SIDM00264,ES4
Breast,SIDM00872,HCC1954
Lung,SIDM00134,HOP-92
Lung,SIDM00300,LC-1-SQ
Large_intestine,SIDM00660,LS-411N
PNS,SIDM00579,NBTU1-10
Lung,SIDM00646,NCI-H1341
Large_intestine,SIDM00778,NCI-H747
Lymphoid,SIDM00463,P12-ICHIKAWA
CNS,SIDM00799,A172
Bone,SIDM00961,CADO-ES1
Large_intestine,SIDM00957,COLO-678
CNS,SIDM00887,DAOY
Lymphoid,SIDM00845,DAUDI
Lung,SIDM00486,EBC-1
Lymphoid,SIDM01047,EM-2
Breast,SIDM01042,EVSA-T
Soft_tissue,SIDM00855,G-402
Stomach,SIDM00290,HGC-27
PNS,SIDM01206,IMR-5
Liver,SIDM00618,JHH-1
Liver,SIDM00615,JHH-6
Lymphoid,SIDM01003,KE-37
Kidney,SIDM00609,KMRC-20
Esophagus,SIDM01032,KYSE-140
Stomach,SIDM00980,23132-87
CNS,SIDM00998,8-MG-BA
Kidney,SIDM00124,A498
Stomach,SIDM00850,AGS
Breast,SIDM00898,AU565
Breast,SIDM00940,CAL-120
Lymphoid,SIDM00949,DEL
Head_neck,SIDM00831,DETROIT562
Large_intestine,SIDM00049,DIFI
Breast,SIDM01002,EFM-192A
Large_intestine,SIDM00537,GP5D
Lung,SIDM00114,NCI-H513
Lymphoid,SIDM01016,JURKAT
CNS,SIDM00685,LN-18
Lung,SIDM00713,NCI-H2052
Thyroid,SIDM00992,B-CPAP
Bladder,SIDM00936,CAL-29
Lymphoid,SIDM00917,CESS
Lymphoid,SIDM01057,GDM-1
Lung,SIDM00103,NCI-H2373
Pancreas,SIDM00670,HPAC
Cervix,SIDM00679,HT-3
Lymphoid,SIDM00688,JSC-1
Lymphoid,SIDM01015,JURL-MK1
Large_intestine,SIDM00150,KM12
Kidney,SIDM00180,LB996-RCC
CNS,SIDM00684,LN-229
Lymphoid,SIDM00431,MOLT-16
Lung,SIDM00747,NCI-H1623
Stomach,SIDM01144,SNU-5
Cervix,SIDM00394,SISO
Lymphoid,SIDM00421,SUP-M2
Bladder,SIDM01160,SW780
Lymphoid,SIDM01205,TUR
Soft_tissue,SIDM01179,VA-ES-BJ
Skin,SIDM00975,WM278
Skin,SIDM00973,WM793B
Thyroid,SIDM00996,8505C
Head_neck,SIDM00796,A253
Cervix,SIDM00905,C-4-I
CNS,SIDM00581,GB-1
Lymphoid,SIDM01073,HC-1
Breast,SIDM00875,HCC1806
Stomach,SIDM00665,HS-746T
Skin,SIDM00695,HT-144
Bone,SIDM00599,HUO9
Lymphoid,SIDM01004,KCL-22
Esophagus,SIDM01030,KYSE-180
Lung,SIDM00769,NCI-H1838
Large_intestine,SIDM00216,SNU-175
Lung,SIDM00651,NCI-H1155
Lung,SIDM00762,NCI-H1944
Soft_tissue,SIDM01095,SJRH30
Lymphoid,SIDM00844,RAJI
Bladder,SIDM00807,5637
Kidney,SIDM00988,BFTC-909
Bone,SIDM00929,CAL-78
Breast,SIDM01001,DU-4475
Esophagus,SIDM00539,ESO26
Lung,SIDM00099,NCI-H2722
Breast,SIDM00774,HCC2157
Large_intestine,SIDM00541,HT55
Lymphoid,SIDM01036,JJN-3
Pancreas,SIDM00583,KP-1N
Prostate,SIDM00683,LNCAP-CLONE-FGC
Breast,SIDM00528,MDA-MB-361
Uterus,SIDM00625,MES-SA
Lymphoid,SIDM00388,MHH-PREB-1
Lung,SIDM00742,NCI-H1693
Lung,SIDM00759,NCI-H1975
Testis,SIDM00243,NEC8
Breast,SIDM00954,COLO-824
Bone,SIDM00205,EW-1
Bone,SIDM00198,EW-16
Lymphoid,SIDM01034,KOPN-8
Esophagus,SIDM00550,KYSE-50
Head_neck,SIDM00182,LB771-HNC
Lung,SIDM00339,LXF-289
Lung,SIDM00754,NCI-H1781
Esophagus,SIDM00445,OACP4C
Kidney,SIDM00239,OS-RC-2
Ovary,SIDM00092,OVCAR-4
Ovary,SIDM00425,OVTOKO
Prostate,SIDM00088,PC-3
Prostate,SIDM01114,PWR-1E
Lymphoid,SIDM00087,RPMI-8226
Bladder,SIDM00676,HT-1197
Breast,SIDM00885,HCC1187
Bladder,SIDM00983,647-V
Liver,SIDM01237,C3A
Pancreas,SIDM00950,DAN-G
Bone,SIDM00197,EW-18
PNS,SIDM00227,GI-ME-N
Endometrium,SIDM00596,HEC-1
Breast,SIDM01037,JIMT-1
Lymphoid,SIDM00785,KG-1
Lymphoid,SIDM01019,KMOE-2
Esophagus,SIDM01028,KYSE-410
Lung,SIDM00341,LOU-NH91
Cervix,SIDM00638,MS751
Lung,SIDM00654,NCI-H1048
Lung,SIDM00138,NCI-H23
Stomach,SIDM01146,SNU-1
Stomach,SIDM00570,NUGC-4
Bladder,SIDM01190,TCCSUP
Ovary,SIDM01170,TOV-112D
Lung,SIDM00522,DMS-273
Lung,SIDM00755,NCI-H1793
Lymphoid,SIDM00458,OCI-M1
Esophagus,SIDM00478,OE21
Lymphoid,SIDM00364,P30-OHK
Lymphoid,SIDM00362,P32-ISH
Kidney,SIDM00235,RCC10RGB
Lymphoid,SIDM01086,RS4-11
Cervix,SIDM01093,SIHA
PNS,SIDM01100,SK-N-DZ
Lymphoid,SIDM00423,SU-DHL-8
Pancreas,SIDM00371,SUIT-2
Cervix,SIDM01174,SW756
Breast,SIDM00097,T47D
Lymphoid,SIDM00323,TK
Thyroid,SIDM00418,TT2609-C02
CNS,SIDM01193,U-118-MG
Lung,SIDM01183,UMC-11
Skin,SIDM00974,WM35
Skin,SIDM00857,G-361
Breast,SIDM00866,HCC1143
Pancreas,SIDM00531,HUP-T4
Lymphoid,SIDM00434,MOLP-8
Lung,SIDM00653,NCI-H1092
Lung,SIDM00699,NCI-H2141
Lung,SIDM01127,NCI-H596
PNS,SIDM00577,NH-12
Bone,SIDM00242,NOS-1
Bone,SIDM00427,RH-1
Lung,SIDM01103,SK-MES-1
Lymphoid,SIDM00389,SU-DHL-10
Bone,SIDM00419,TC-71
Lymphoid,SIDM00854,GA-10
Bladder,SIDM01033,KU-19-19
Lymphoid,SIDM00331,MHH-CALL-2
Lymphoid,SIDM00433,MOLT-13
Lymphoid,SIDM01018,KM-H2
CNS,SIDM00492,AM-38
Lymphoid,SIDM00829,HL-60
Bladder,SIDM00999,639-V
Skin,SIDM00797,A2058
Endometrium,SIDM00901,AN3-CA
Head_neck,SIDM00942,CAL-33
Lung,SIDM00921,CALU-6
Pancreas,SIDM00130,CFPAC-1
Skin,SIDM00909,COLO-829
Lung,SIDM00047,EMC-BAC-2
Lung,SIDM01044,EPLC-272H
Lung,SIDM00104,NCI-H2369
Lung,SIDM01072,HCC-15
Lymphoid,SIDM01013,JVM-2
Esophagus,SIDM01025,KYSE-520
Lymphoid,SIDM00327,L-428
Lung,SIDM00344,LCLC-97TM1
Skin,SIDM00003,M14
Skin,SIDM00336,MEL-JUSO
Lung,SIDM00750,NCI-H1568
Esophagus,SIDM00444,OACM5-1
Ovary,SIDM00480,OAW-42
Thyroid,SIDM00987,BHT-101
Lymphoid,SIDM00962,BV-173
Lung,SIDM00509,COR-L311
Biliary_tract,SIDM00276,ETK-1
Soft_tissue,SIDM00853,GCT
Thyroid,SIDM00496,HTC-C3
Liver,SIDM00616,JHH-4
Pancreas,SIDM00582,KP-2
Stomach,SIDM00572,NUGC-3
Ovary,SIDM00105,OVCAR-3
Pancreas,SIDM00453,PA-TU-8988T
Stomach,SIDM00393,SK-GT-2
Soft_tissue,SIDM00798,A204
Lymphoid,SIDM01017,KARPAS-231
Lymphoid,SIDM01265,MM1S
Lung,SIDM00763,NCI-H1915
Lung,SIDM00117,NCI-H322M
Lung,SIDM00965,NCI-H446
Ovary,SIDM00481,OAW-28
Head_neck,SIDM00565,OSC-20
Pancreas,SIDM00042,PL4
Stomach,SIDM00358,RERF-GC-1B
Endometrium,SIDM01088,RL95-2
Skin,SIDM01087,RPMI-7951
Lymphoid,SIDM00384,SCC-3
CNS,SIDM00379,SK-MG-1
Liver,SIDM01181,SNU-398
Esophagus,SIDM00369,TE-1
Kidney,SIDM00849,A704
Head_neck,SIDM00588,HSC-4
Lung,SIDM00745,NCI-H1650
Lung,SIDM00729,NCI-H2228
Ovary,SIDM00967,OVCA420
Lymphoid,SIDM00448,RC-K8
Lung,SIDM00356,RERF-LC-KJ
Lung,SIDM00354,RERF-LC-SQ1
Lung,SIDM00368,SBC-5
Head_neck,SIDM01083,SCC-15
Head_neck,SIDM00399,SCC90
CNS,SIDM00085,SF268
Bone,SIDM01111,SK-ES-1
Head_neck,SIDM00375,SKN-3
Lymphoid,SIDM01176,SUP-B15
Lymphoid,SIDM00422,SUP-HD1
Esophagus,SIDM00250,TE-4
Esophagus,SIDM00328,TE-6
Ovary,SIDM01169,TOV-21G
Lymphoid,SIDM01058,GRANTA-519
Pancreas,SIDM00455,PA-TU-8902
Esophagus,SIDM00479,OE19
Ovary,SIDM00090,OVCAR-8
CNS,SIDM00111,U251
CNS,SIDM00947,DK-MG
Lung,SIDM01067,HCC-827
Lung,SIDM00294,LU-135
Endometrium,SIDM00334,MFE-296
Endometrium,SIDM00333,MFE-319
Lymphoid,SIDM00437,MOLM-13
Lung,SIDM00724,NCI-H2405
Lung,SIDM01124,NCI-H650
Ovary,SIDM00564,OVISE
Lymphoid,SIDM00451,PF-382
Skin,SIDM00108,UACC-257
Soft_tissue,SIDM00426,RH-41
Liver,SIDM00585,HUH-7
CNS,SIDM00343,LN-405
Lung,SIDM00766,NCI-H1876
Lung,SIDM00706,NCI-H209
Lymphoid,SIDM00461,OCI-AML5
Ovary,SIDM01140,PA-1
Soft_tissue,SIDM00847,RD
Lymphoid,SIDM00482,RPMI-8866
Pancreas,SIDM01188,SU8686
Lung,SIDM01163,SW1573
Large_intestine,SIDM01168,SW626
Biliary_tract,SIDM00267,TGBC24TKB
CNS,SIDM01189,U-87-MG
Lung,SIDM00133,HOP-62
Large_intestine,SIDM01233,C2BBE1
PNS,SIDM00285,CHP-134
Large_intestine,SIDM00944,CL-11
Breast,SIDM01062,HDQ-P1
Lymphoid,SIDM01007,KARPAS-45
Lung,SIDM01219,LU-99A
Lung,SIDM00749,NCI-H1573
Lung,SIDM00792,NCI-H1688
Lung,SIDM00761,NCI-H196
Lung,SIDM00702,NCI-H2122
Lung,SIDM00716,NCI-H2170
Lung,SIDM01122,NCI-H661
Large_intestine,SIDM00779,NCI-H716
CNS,SIDM01132,PFSK-1
Lymphoid,SIDM00406,SU-DHL-5
PNS,SIDM00578,NB1
Lung,SIDM00751,NCI-H1563
Lung,SIDM00726,NCI-H2347
Ovary,SIDM00321,TYK-NU
Ovary,SIDM00475,OV-56
Pancreas,SIDM01136,PANC-08-13
Bladder,SIDM01085,RT4
Lymphoid,SIDM00994,ALL-SIL
Lymphoid,SIDM00668,HS-445
Breast,SIDM00879,HCC1500
Bone,SIDM00269,ES7
Lung,SIDM00865,DMS-114
Lung,SIDM00598,HARA
Large_intestine,SIDM00833,SW837
Ovary,SIDM00918,CAOV-4
Lung,SIDM00922,CALU-3
Lung,SIDM00746,NCI-H1648
Head_neck,SIDM01080,SCC-9
Lymphoid,SIDM00813,RPMI-6666
Lymphoid,SIDM00671,HH
Lymphoid,SIDM01012,JVM-3
Lymphoid,SIDM01006,KARPAS-620
Ovary,SIDM00210,A2780
Prostate,SIDM00120,DU-145
Cervix,SIDM00889,C-33-A
Lymphoid,SIDM01064,HDLM-2
Lymphoid,SIDM00791,K-562
Lymphoid,SIDM00580,NOMO-1
Lymphoid,SIDM00457,OPM-2
PNS,SIDM01009,KELLY
Lung,SIDM00520,NCI-H2818
Lymphoid,SIDM01011,KARPAS-1106P
Lymphoid,SIDM00502,A4-FUK
Lymphoid,SIDM00438,MN-60
Stomach,SIDM00568,OCUM-1
Lymphoid,SIDM01245,BE-13
Lung,SIDM00953,CPC-N
Lymphoid,SIDM00391,SK-MM-2
Lung,SIDM00548,LK-2
PNS,SIDM00156,NB7
Thyroid,SIDM00218,RO82-W-1
CNS,SIDM00612,KINGS-1
Lymphoid,SIDM00313,L-1236
Lymphoid,SIDM00886,DB
Lung,SIDM01068,HCC-78
Lung,SIDM00306,IA-LM
Kidney,SIDM00611,KMRC-1
Lung,SIDM01128,NCI-H526
Ovary,SIDM00472,PEO1
Bone,SIDM01084,SAOS-2
Large_intestine,SIDM00782,T84
Head_neck,SIDM00501,BICR78
Pancreas,SIDM00934,CAPAN-1
Thyroid,SIDM01248,CGTH-W-1
Large_intestine,SIDM00842,COLO-320-HSR
Skin,SIDM00284,COLO-679
Lymphoid,SIDM00342,LOUCY
Lung,SIDM00292,LU-165
Lymphoid,SIDM00338,ME-1
Cervix,SIDM00627,ME-180
Lymphoid,SIDM00623,MO-T
Lung,SIDM00116,NCI-H522
Lung,SIDM01121,NCI-H69
Lung,SIDM01149,NCI-H847
Lymphoid,SIDM01148,NCI-H929
Lymphoid,SIDM00447,REH
Large_intestine,SIDM01096,SK-CO-1
Lymphoid,SIDM00407,SU-DHL-6
Skin,SIDM01000,WM-115
Ovary,SIDM01052,EFO-21
Prostate,SIDM00499,22RV1
Esophagus,SIDM00956,COLO-680N
Cervix,SIDM00864,DOTC2-4510
Endometrium,SIDM01045,EN
Bone,SIDM00201,EW-7
Lung,SIDM00100,NCI-H2595
Breast,SIDM00675,HCC38
Head_neck,SIDM00592,HO-1-N-1
Liver,SIDM00617,JHH-2
Pancreas,SIDM00301,KP-4
Lymphoid,SIDM00329,L-540
Skin,SIDM01107,SK-MEL-1
CNS,SIDM00659,M059J
Lung,SIDM00222,MPP-89
Lung,SIDM00740,NCI-H1703
Lung,SIDM00738,NCI-H1755
Lung,SIDM00758,NCI-H1993
Lung,SIDM00709,NCI-H2085
Lung,SIDM01116,NCI-H810
Bone,SIDM00569,NY
Soft_tissue,SIDM00353,RKN
Skin,SIDM01106,SK-MEL-24
Large_intestine,SIDM00835,SW1116
Lymphoid,SIDM00896,BC-1
Stomach,SIDM00251,TGBC11TKB
Kidney,SIDM00094,SN12C
Large_intestine,SIDM00681,LS-1034
Stomach,SIDM00260,MKN28
Lymphoid,SIDM00561,MLMA
Lymphoid,SIDM01023,MONO-MAC-6
Breast,SIDM00562,MRK-NU-1
CNS,SIDM01164,SW1783
Lymphoid,SIDM00417,U-266
Skin,SIDM00976,WM1552C
Pancreas,SIDM00132,BXPC-3
Bone,SIDM00858,G-292-CLONE-A141B1
CNS,SIDM00273,GI-1
Lung,SIDM00154,NCI-H2795
Ovary,SIDM00554,KURAMOCHI
Breast,SIDM00529,MDA-MB-157
CNS,SIDM00532,MOG-G-CCM
PNS,SIDM00258,NB12
Pancreas,SIDM01138,PANC-03-27
PNS,SIDM01098,SK-N-SH
Bone,SIDM00930,CAL-72
Breast,SIDM00920,CAMA-1
Lung,SIDM00293,LU-139
Skin,SIDM00545,MEWO
Lymphoid,SIDM00641,NAMALWA
Lung,SIDM00925,NCI-H441
Lung,SIDM01119,NCI-H727
Lymphoid,SIDM00462,OCI-AML3
Pancreas,SIDM01137,PANC-04-03
Lymphoid,SIDM01247,RAMOS-2G6-4C10
Lymphoid,SIDM00403,RPMI-8402
Large_intestine,SIDM00812,SW1417
Soft_tissue,SIDM01159,SW872
Pancreas,SIDM00411,YAPC
Bone,SIDM00266,ES1
Endometrium,SIDM01043,ESS-1
Skin,SIDM00291,HMV-II
Head_neck,SIDM00127,JHU-022
Lung,SIDM00768,NCI-H1869
Lung,SIDM00137,NCI-H3122
Testis,SIDM01203,NTERA-2-CL-D1
Soft_tissue,SIDM01109,SK-LMS-1
Soft_tissue,SIDM01175,SW684
Thyroid,SIDM00484,TT
Thyroid,SIDM00997,8305C
Cervix,SIDM00923,CA-SKI
Lung,SIDM00506,COR-L88
Lymphoid,SIDM01259,GR-ST
Lung,SIDM00224,IST-MES1
Thyroid,SIDM00056,K5
Lymphoid,SIDM01008,KARPAS-422
Lymphoid,SIDM00441,ML-2
Lung,SIDM01131,NCI-H82
Bone,SIDM00202,EW-3
Breast,SIDM01056,EFM-19
Head_neck,SIDM00517,NCI-H3118
Breast,SIDM00673,HCC70
Soft_tissue,SIDM00667,HS-633T
Ovary,SIDM00302,KGN
Esophagus,SIDM01029,KYSE-270
Lymphoid,SIDM00312,L-363
Esophagus,SIDM00347,TE-5
Esophagus,SIDM00325,TE-9
Lymphoid,SIDM00958,CML-T1
Bone,SIDM00199,CS1
Lung,SIDM01069,HCC-44
Bone,SIDM00806,HOS
Lymphoid,SIDM00549,LC4-1
Lung,SIDM00743,NCI-H1666
Lung,SIDM00708,NCI-H2087
CNS,SIDM00567,ONS-76
CNS,SIDM00083,SF539
Endometrium,SIDM00373,SNG-M
Bladder,SIDM00420,SW1710
Lung,SIDM00547,LU-65
Large_intestine,SIDM00487,CCK-81
Head_neck,SIDM00540,DOK
Bone,SIDM00261,ES8
Lung,SIDM00102,NCI-H2461
Lymphoid,SIDM00289,HAL-01
Head_neck,SIDM00591,HO-1-U-1
Biliary_tract,SIDM00587,HUCCT1
Esophagus,SIDM00551,KYSE-220
Bladder,SIDM00181,LB831-BLC
Lung,SIDM00744,NCI-H1651
Lung,SIDM00704,NCI-H211
Ovary,SIDM00220,OC-314
Biliary_tract,SIDM00252,TGBC1TKB
Breast,SIDM00928,CAL-85-1
Skin,SIDM00543,GAK
Thyroid,SIDM00600,IHH-4
Breast,SIDM00629,MDA-MB-436
Breast,SIDM00628,MDA-MB-468
Breast,SIDM00892,BT-483
CNS,SIDM00852,H4
Soft_tissue,SIDM00552,KYM-1
Esophagus,SIDM00477,OE33
Large_intestine,SIDM01090,RKO
Bladder,SIDM00402,RT-112
Cervix,SIDM00234,TC-YIK
CNS,SIDM00732,D-263MG
Esophagus,SIDM01024,KYSE-70
Skin,SIDM01079,SH-4
CNS,SIDM00542,D-392MG
Bone,SIDM00535,H-EMC-SS
CNS,SIDM00613,KALS-1
Pancreas,SIDM00571,KP-3
CNS,SIDM00555,KS-1
Lung,SIDM00345,LCLC-103H
PNS,SIDM00259,NB10
Lung,SIDM00722,NCI-H2452
Lung,SIDM00361,PC-3JPC-3
Cervix,SIDM00381,SKG-IIIA
Lung,SIDM00640,MSTO-211H
Skin,SIDM01228,CHL-1
CNS,SIDM01055,GAMG
Breast,SIDM00884,HCC1395
Breast,SIDM00135,HS-578-T
Endometrium,SIDM00335,MFE-280
Soft_tissue,SIDM00299,MFH-INO
Breast,SIDM00241,OCUB-M
PNS,SIDM01101,SK-N-AS
Lymphoid,SIDM01154,SUP-T1
Large_intestine,SIDM00488,CAR-1
Endometrium,SIDM00142,COLO-684
Bladder,SIDM00970,DSH1
Lymphoid,SIDM00793,EB-3
Ovary,SIDM00091,OVCAR-5
Pancreas,SIDM00469,PSN1
Liver,SIDM01180,SNU-387
Breast,SIDM00971,ZR-75-30
Bone,SIDM00848,A673
CNS,SIDM00490,BECKER
Bladder,SIDM00989,BFTC-905
Breast,SIDM00122,BT-549
Head_neck,SIDM00489,CA9-22
Kidney,SIDM00932,CAL-54
Bone,SIDM00203,EW-11
Stomach,SIDM00274,GCIY
Lung,SIDM00606,KNS-62
Lung,SIDM00649,NCI-H1299
Kidney,SIDM00803,769-P
Kidney,SIDM00123,ACHN
Head_neck,SIDM00485,BICR22
Lymphoid,SIDM00985,BL-41
Vulva,SIDM00935,CAL-39
Lung,SIDM00513,COR-L105
Lymphoid,SIDM00946,DND-41
Lymphoid,SIDM00277,EOL-1-CELL
Esophagus,SIDM01041,FLO-1
Liver,SIDM00064,HLE
Stomach,SIDM00687,KATOIII
Lymphoid,SIDM00346,LAMA-84
Breast,SIDM00146,MDA-MB-231
Esophagus,SIDM00530,KYAE-1
Lung,SIDM00748,NCI-H1581
Lymphoid,SIDM00410,YT
Lung,SIDM00711,NCI-H2066
Lymphoid,SIDM00363,P31-FUJ
Lung,SIDM00367,SBC-3
Liver,SIDM01194,SNU-449
Esophagus,SIDM01027,KYSE-450
Lung,SIDM00098,NCI-H2731
Esophagus,SIDM00483,SK-GT-4
Esophagus,SIDM00322,T-T
Large_intestine,SIDM01197,SNU-C1
Large_intestine,SIDM00282,CW-2
CNS,SIDM00888,D-283MED
Large_intestine,SIDM00783,HCT-116
Pancreas,SIDM00669,HPAF-II
Head_neck,SIDM00590,HSC-2
Skin,SIDM01066,IGR-37
Pancreas,SIDM00505,MIA-PACA-2
Bladder,SIDM00678,HT-1376
CNS,SIDM01220,LNZTA3WT4
Large_intestine,SIDM00680,LS-180
PNS,SIDM00244,NB69
Lung,SIDM00771,NCI-H1792
Lung,SIDM00727,NCI-H2342
Lung,SIDM01130,NCI-H520
Lung,SIDM01134,NCI-H841
Ovary,SIDM00466,OVKATE
PNS,SIDM01099,SK-N-FI
Soft_tissue,SIDM01161,SW982
Head_neck,SIDM00044,PCI-30
Head_neck,SIDM00351,SAS
Head_neck,SIDM01081,SCC-4
Uterus,SIDM00377,SKN
Thyroid,SIDM00931,CAL-62
Pancreas,SIDM00943,CAPAN-2
Lymphoid,SIDM00121,CCRF-CEM
Lung,SIDM00511,COR-L279
Lung,SIDM00521,COR-L95
Stomach,SIDM00280,ECC10
Lymphoid,SIDM00632,IM-9
Liver,SIDM00614,JHH-7
Stomach,SIDM00271,MKN1
Stomach,SIDM00247,MKN45
CNS,SIDM00504,MOG-G-UVW
Ovary,SIDM00465,OVMIU
Pancreas,SIDM01135,PANC-10-05
Large_intestine,SIDM00359,RCM-1
Lung,SIDM01078,SHP-77
Lymphoid,SIDM01198,ST486
Lung,SIDM01156,SW1271
Bladder,SIDM01182,UM-UC-3
Lymphoid,SIDM00412,WSU-NHL
Stomach,SIDM00045,HSC-39
Lymphoid,SIDM01010,KARPAS-299
Lung,SIDM00645,NCI-H1355
Ovary,SIDM01141,OV-90
Pancreas,SIDM01139,PANC-02-03
Lymphoid,SIDM01092,RF-48
Lung,SIDM01108,SK-LU-1
Skin,SIDM00082,SK-MEL-2
Esophagus,SIDM00249,TE-15
PNS,SIDM00324,TGW
Skin,SIDM00107,UACC-62
Prostate,SIDM01077,VCAP
Kidney,SIDM00317,VMRC-RCZ
Lymphoid,SIDM00446,OCI-AML2
Ovary,SIDM00969,DOV13
Lymphoid,SIDM00863,EB2
Bone,SIDM00195,EW-24
Lymphoid,SIDM00308,KU812
Large_intestine,SIDM00839,LOVO
Breast,SIDM00630,MDA-MB-415
Bone,SIDM00525,MG-63
Lung,SIDM00245,MS-1
PNS,SIDM00256,NB14
Lung,SIDM00720,NCI-H28
Kidney,SIDM00817,RCC-JW
Bone,SIDM01112,SJSA-1
Liver,SIDM01110,SK-HEP-1
Lymphoid,SIDM00416,VAL
Bone,SIDM00262,ES6
Lymphoid,SIDM00413,WSU-DLCL2
Lung,SIDM00143,COLO-668
Bone,SIDM00196,EW-22
Skin,SIDM00149,LOXIMVI
Large_intestine,SIDM00776,LS-123
Large_intestine,SIDM00677,LS-513
Lung,SIDM01126,NCI-H64
CNS,SIDM01097,SK-PN-DW
Uterus,SIDM01113,SK-UT-1
Lymphoid,SIDM00374,SLVL
Large_intestine,SIDM00832,SW948
CNS,SIDM01171,T98G
Lung,SIDM00320,VMRC-LCD
CNS,SIDM00316,YH-13
Skin,SIDM00225,IST-MEL1
Breast,SIDM00272,MDA-MB-453
Lung,SIDM00756,NCI-H2009
Lung,SIDM00718,NCI-H358
CNS,SIDM01155,SW1088
Adrenal,SIDM00814,SW13
Breast,SIDM01187,UACC-812
Lymphoid,SIDM00526,MEG-01
Breast,SIDM00938,CAL-148
Stomach,SIDM00503,FU97
Lung,SIDM00658,NCI-H1435
Lung,SIDM00753,NCI-H2023
Lymphoid,SIDM00576,NKM-1
Ovary,SIDM00079,SK-OV-3
Pancreas,SIDM01165,SW1990
Pancreas,SIDM00664,HS-766T
Lung,SIDM01129,NCI-H524
Lung,SIDM01133,NCI-H835
Ovary,SIDM00352,RMG-I
Liver,SIDM01199,SNU-423
Lymphoid,SIDM00424,U-698-M
Kidney,SIDM00113,TK10
Lymphoid,SIDM00145,MOLT-4
Ovary,SIDM01040,FU-OV-1
Lung,SIDM00139,NCI-H226
Lymphoid,SIDM00993,AMO-1
Stomach,SIDM01147,NCI-N87
Lymphoid,SIDM00429,NALM-6
Large_intestine,SIDM00834,SW1463
Breast,SIDM00633,MDA-MB-175-VII
Testis,SIDM00655,NCCIT
Lymphoid,SIDM00096,SR
Lymphoid,SIDM01102,WIL2-NS
Soft_tissue,SIDM00454,RH-18
Bone,SIDM00621,EW-13
Lung,SIDM00760,NCI-H1963
Large_intestine,SIDM00194,SNU-61
Thyroid,SIDM00213,FTC-133
Lung,SIDM00741,NCI-H1694
Large_intestine,SIDM00837,SW48
Esophagus,SIDM00326,TE-8
PNS,SIDM00556,KP-N-YN
Lymphoid,SIDM00657,MV-4-11
PNS,SIDM00257,NB13
Stomach,SIDM01145,SNU-16
Lung,SIDM00119,EKVX
CNS,SIDM00575,NMC-G1
Esophagus,SIDM00349,TE-10
Lymphoid,SIDM00283,CTB-1
Skin,SIDM00401,RVH-421
Ovary,SIDM00919,CAOV-3
